target_tf	method	sequence	target_z_pred	max_offtarget_z_pred	margin_pred	target_z_exp	max_offtarget_z_exp	margin_exp	gc	worst_offtarget
LHX5	proposed	ATGGAATTGCACACATAGCGGCGA	1.517	1.346	0.17	1.276	1.245	0.031	0.5	en
LHX5	proposed	GCTTCAGCTACAGGGAATTGTCAG	1.517	1.346	0.17	0.687	1.245	-0.559	0.5	en
LHX5	proposed	TTACGGCTAGGCAGAATTGTTCGG	1.517	1.346	0.17	0.687	1.245	-0.559	0.5	en
LHX5	proposed	TAATTACCGGTAGCGAATGCTTGC	3.2	3.132	0.068	3.327	3.056	0.271	0.46	PHOX2A
LHX5	proposed	TAATTACTCCATGGCCGACCTTGC	3.2	3.132	0.068	3.327	2.989	0.338	0.5	en
LHX5	proposed	TAATTACGGTGTCGCTATAACTTC	3.2	3.132	0.068	3.327	2.989	0.338	0.38	en
LHX5	proposed	TAATTACCGGTGCGAGCGAATGAT	3.2	3.132	0.068	3.327	3.056	0.271	0.46	PHOX2A
LHX5	proposed	TAATTACGGTTTAGATCTCCGTCG	3.2	3.132	0.068	3.327	2.989	0.338	0.42	en
LHX5	proposed	TAATTACGGGACTTCCCGGCACGT	3.2	3.132	0.068	3.327	2.989	0.338	0.54	en
LHX5	proposed	TAATTACCGGATCACGAAACACGG	3.2	3.132	0.068	3.327	3.056	0.271	0.46	PHOX2A
LHX5	proposed	TAACGACGCGACTGCGATAATTAT	3.2	3.132	0.068	2.737	2.989	-0.252	0.42	en
LHX5	proposed	TAATTACTCATGTGGCGTTACTTG	3.2	3.132	0.068	3.327	2.989	0.338	0.38	en
LHX5	proposed	TAATTACCGTTGCGACTTCACTGC	3.2	3.132	0.068	3.327	3.056	0.271	0.46	PHOX2A
LHX5	proposed	TAATTACGTAAGGCCGAGCATTGC	3.2	3.132	0.068	3.327	2.989	0.338	0.46	en
LHX5	proposed	TAATTATGCAGGAGGAATCACCGT	3.2	3.132	0.068	2.737	2.989	-0.252	0.42	en
LHX5	proposed	TAATTACCGGTGCGAATGTGATCC	3.2	3.132	0.068	3.327	3.056	0.271	0.46	PHOX2A
LHX5	proposed	TAATTACGGTTGCGATATCCGGCC	3.2	3.132	0.068	3.327	2.989	0.338	0.5	en
LHX5	proposed	TAATTACGGCTGTTGGCGAATGAT	3.2	3.132	0.068	3.327	2.989	0.338	0.42	en
LHX5	proposed	TAATTACCGAACGACACGTCTAGT	3.2	3.132	0.068	3.327	3.056	0.271	0.42	PHOX2A
LHX5	proposed	TAATTACTCGAATCCGAGGATTGA	3.2	3.132	0.068	3.327	2.989	0.338	0.38	en
LHX5	target_only	TAATTACGGACACCGAAACCAGGG	3.2	3.132	0.068	3.327	2.989	0.338	0.5	en
LHX5	target_only	TAATTACCGGTCGCACAAACGGTG	3.2	3.132	0.068	3.327	3.056	0.271	0.5	PHOX2A
LHX5	target_only	TAATTAGGCTTCGCGCAAACACGT	3.2	3.381	-0.182	3.305	3.235	0.069	0.46	al
LHX5	target_only	TAATTAGCGTCAGTCGGACCCTCC	3.2	3.381	-0.182	3.305	3.279	0.025	0.54	PHOX2A
LHX5	target_only	TAATTACCGTACCGCTCTCCAGCC	3.2	3.132	0.068	3.327	3.056	0.271	0.54	PHOX2A
LHX5	target_only	TAATTAACGTCAGGCGATTCGCGC	3.2	3.751	-0.551	3.032	3.706	-0.674	0.5	al
LHX5	target_only	TAATTACGGGAGGTGCATGACTGT	3.2	3.132	0.068	3.327	2.989	0.338	0.46	en
LHX5	target_only	TAATTATGGTACGCCGGATATGAG	3.2	3.132	0.068	2.737	2.989	-0.252	0.42	en
LHX5	target_only	TAATTACGCTCAGCTGTAGCGGCA	3.2	3.132	0.068	3.327	2.989	0.338	0.5	en
LHX5	target_only	TAATTAGCGTACAACGAGTACATC	3.2	3.381	-0.182	3.305	3.279	0.025	0.38	PHOX2A
LHX5	target_only	TAATTACACTGTGTGACGCCACGG	3.2	3.132	0.068	3.327	2.989	0.338	0.5	en
LHX5	target_only	TAATTACGCGACGCAAATTCACGT	3.2	3.132	0.068	3.327	2.989	0.338	0.42	en
LHX5	target_only	TAATTAGGTGACGTCTGAGCAGCG	3.2	3.381	-0.182	3.305	3.235	0.069	0.5	al
LHX5	target_only	TAATTACACTACTACGCACCCATC	3.2	3.37	-0.17	3.327	2.989	0.338	0.42	en
LHX5	target_only	TAATTACGGTCAGCGGGACCCGTC	3.2	3.132	0.068	3.327	2.989	0.338	0.58	en
LHX5	target_only	TAATTAGTTTCAGCTGCATCCTCC	3.2	3.421	-0.221	3.305	3.235	0.069	0.42	al
LHX5	target_only	TAATTAAATTCTGTCCCACCGGTC	3.2	4.368	-1.169	3.032	4.338	-1.307	0.42	PHOX2B
LHX5	target_only	TAATTACGTTACGCCGCGTTCTGC	3.2	3.923	-0.724	3.327	2.989	0.338	0.5	en
LHX5	target_only	TAATTACGGACGCCGACTCAACGC	3.2	3.132	0.068	3.327	2.989	0.338	0.54	en
LHX5	target_only	TAATTACCCTTGGCATGGGTGGAA	3.2	3.132	0.068	3.327	3.056	0.271	0.46	PHOX2A
LHX5	random	TGTGAGTTTGCGGCTGCCAGCTCA	-1.356	-0.335	-1.02	-1.568	-0.718	-0.85	0.58	al
LHX5	random	GCCCGCTCTTGCGTTAACCGACTT	-0.401	0.255	-0.655	-0.807	0.905	-1.713	0.58	ESX1
LHX5	random	GGCGTGCTCTACGAGCGTCAATCG	0.546	0.7	-0.154	0.783	0.834	-0.05	0.62	LMX1A
LHX5	random	AGTATACCCGTCACCCTGCCAGAC	-1.304	-0.899	-0.406	-0.728	-0.81	0.082	0.58	NKX6-2
LHX5	random	ATTTGGCGACGGCTCATACCACTT	-1.202	-0.242	-0.96	-1.285	-0.337	-0.948	0.5	NKX6-2
LHX5	random	CCCTTGCTCCCGATTAGCCGGCAT	1.494	1.662	-0.168	1.289	2.721	-1.432	0.62	ESX1
LHX5	random	ATTGCATCGCGGACGAAGCCTCGC	-1.408	-1.327	-0.081	-1.671	-1.118	-0.552	0.62	LMX1A
LHX5	random	GAATAGCTATGAGTCCCACTCTGT	-0.131	0.532	-0.663	-0.128	0.682	-0.81	0.46	MNX1
LHX5	random	CTAGCTTCTTACTACGGAATCGGC	0.008	0.174	-0.166	-0.314	0.494	-0.808	0.5	MNX1
LHX5	random	GTTTGCTGCCGACACTGCCCACAC	-1.727	-1.882	0.155	-1.953	-1.158	-0.795	0.62	MNX1
LHX5	random	CTCTCAAGTCTGCGGTTCAGAGGG	-0.369	0.29	-0.66	-0.842	0.361	-1.204	0.58	al
LHX5	random	GTGCGTCACGTGTGGCGGAACATT	-1.986	-1.274	-0.711	-1.843	-1.125	-0.717	0.58	al
LHX5	random	CCTAAGGCAGACGACACCTGAGTT	-1.356	-0.335	-1.02	-1.479	0.346	-1.825	0.54	ESX1
LHX5	random	GGATAACAGAGCTCATAACGTTGC	0.284	1.387	-1.103	0.532	1.389	-0.856	0.46	NKX6-2
LHX5	random	TGTGAGAGGCTCAATTGTGATACT	1.728	1.969	-0.241	1.804	1.987	-0.182	0.42	LMX1A
LHX5	random	GATTGTGGGCTTAGTGGCCCTTTG	-0.075	0.353	-0.428	0.316	1.168	-0.852	0.54	MNX1
LHX5	random	TCTAAGTAGGTGTTATGCACATGT	1.372	1.713	-0.341	1.481	1.749	-0.268	0.38	al
LHX5	random	CAAGGTGTCTCTTTCACTGATGCT	-0.241	0.254	-0.495	-0.43	0.565	-0.995	0.46	MNX1
LHX5	random	AAATGGATGTTCAAGACGGAACGC	0.028	0.538	-0.51	0.026	0.676	-0.65	0.46	en
LHX5	random	TCCTGTCGTCTGTGGCGTAACACA	-1.819	-0.857	-0.962	-1.981	-0.718	-1.263	0.54	al
LHX5	consensus	TAATTATTCGTGTGGCTAGGTGCC	3.2	3.132	0.068	2.737	2.989	-0.252	0.46	en
LHX5	consensus	CTAATTATACTCCTCCGGAATTTG	3.2	3.381	-0.182	3.305	3.235	0.069	0.38	al
LHX5	consensus	TCTAATTACGTGTATAGCAGCGCA	3.2	3.381	-0.182	3.327	3.235	0.092	0.42	al
LHX5	consensus	CCGTAATTACCGGGTCTAATTCAC	3.2	3.132	0.068	3.327	3.056	0.271	0.46	PHOX2A
LHX5	consensus	GTTGTAATTACCGTGAGTAGCTAC	3.2	3.132	0.068	3.327	3.056	0.271	0.42	PHOX2A
LHX5	consensus	CCCTATAATTACGGGATGTCCTAA	3.2	3.132	0.068	3.327	2.989	0.338	0.42	en
LHX5	consensus	GCATACGTTAATTACCAAGCTATC	3.2	3.751	-0.551	3.327	3.706	-0.379	0.38	al
LHX5	consensus	AATCGGGACACTAATTATTGTCAG	3.2	3.381	-0.182	3.305	3.235	0.069	0.38	al
LHX5	consensus	TACTGACGACCCTAATTAAGTGGG	3.2	3.751	-0.551	3.305	3.706	-0.402	0.46	al
LHX5	consensus	TAGCCTGCTGTATTAATTATCTCG	3.2	3.751	-0.551	3.032	3.706	-0.674	0.38	al
LHX5	consensus	GGTCTAGCAGCACTATTAATTATG	3.2	3.751	-0.551	3.032	3.706	-0.674	0.38	al
LHX5	consensus	GTAACGTCAACCTCGGATAATTAG	3.2	3.381	-0.182	3.305	3.235	0.069	0.42	al
LHX5	consensus	GTGTGTCAGGAGTGAGGATAATTA	3.2	3.132	0.068	2.737	2.989	-0.252	0.42	en
MYOG	proposed	ATGGTTTGAGCTCAATACTTTCGG	0.637	-0.777	1.414	-0.631	-0.588	-0.043	0.42	TAL1::TCF3
MYOG	proposed	TCTTACTGCGCTGAAGTATTGGGA	0.8	-0.516	1.316	-0.571	-0.431	-0.14	0.46	ATOH1
MYOG	proposed	AGCGCTGAGTAAGGCCTAAATAGG	0.8	-0.495	1.295	-1.88	-0.899	-0.981	0.5	ATOH7
MYOG	proposed	TAGGCTTAGATTGCGCTGAGTCCA	0.8	-0.495	1.295	-1.233	-0.739	-0.494	0.5	ATOH7
MYOG	proposed	TTGAGCTAAACAATGTCCTTCATC	0.479	-0.793	1.272	0.441	0.045	0.396	0.38	TAL1::TCF3
MYOG	proposed	TGAGCTAAGGATAGCATCACTCAC	0.479	-0.793	1.272	0.485	1.196	-0.711	0.46	ATOH1
MYOG	proposed	CTGGGAATTACTGAGCTAAGTAAT	0.479	-0.793	1.272	0.181	-0.707	0.888	0.38	MYF6
MYOG	proposed	TGCGCTGAACTCTACGTCCCACGC	0.8	-0.45	1.25	-1.263	-0.399	-0.864	0.62	ATOH7
MYOG	proposed	GTTCACTGAGCCGAATCATAACCT	0.726	-0.49	1.216	-1.692	0.346	-2.038	0.46	ATOH1
MYOG	proposed	CTATTGAGCCGAGCAATGAGATAA	0.726	-0.49	1.216	-1.668	-0.148	-1.52	0.42	ATOH7
MYOG	proposed	TGCGCTGAGACCTATGCGTACGTC	0.8	-0.39	1.19	0.388	2.066	-1.678	0.58	ATOH7
MYOG	proposed	TCTTACTGAGCTTAAGTACCGTGA	0.774	-0.395	1.169	-0.279	0.053	-0.332	0.42	ATOH7
MYOG	proposed	TGAGCTTAGATTGAATCGTTCCCG	0.774	-0.395	1.169	-0.222	-0.252	0.03	0.46	ATOH7
MYOG	proposed	ACATTGAGCTTAAGGACGACTCAG	0.774	-0.395	1.169	-1.451	-0.055	-1.396	0.46	ATOH7
MYOG	proposed	AGAGCTTAACTCGACTTCGACCGT	0.774	-0.395	1.169	-0.616	-0.195	-0.421	0.5	ATOH1
MYOG	proposed	TTCGGTACGTTGAGCTTAACAGCG	0.774	-0.395	1.169	-1.618	-0.701	-0.917	0.5	TWIST2
MYOG	proposed	AGCTGTGCTTTGAGCGGAGTACAG	0.518	-0.643	1.161	-0.936	-0.253	-0.683	0.54	TWIST2
MYOG	proposed	GAACTAAGGATTGAGCGGAGTGCT	0.518	-0.643	1.161	-0.681	-0.306	-0.376	0.5	ATOH7
MYOG	proposed	TGAGCGGAGATCGCCATCAATCAT	0.518	-0.643	1.161	-0.276	0.903	-1.178	0.5	ATOH1
MYOG	proposed	TTGCGCTGAGTCTAAGCTCTAACA	0.8	-0.361	1.161	-0.227	-0.442	0.216	0.46	ATOH7
MYOG	target_only	ACAGGTTCAATAGACAGCTGCGCA	3.512	3.904	-0.392	2.884	3.704	-0.819	0.5	MYOD1
MYOG	target_only	CCTGGTGCAAGATACAGCTGGTGG	3.512	3.477	0.034	3.175	3.613	-0.438	0.58	TAL1::TCF3
MYOG	target_only	CCAGCTGCGTTAAGACAAAGTCGT	3.512	3.477	0.034	-0.376	3.275	-3.651	0.5	Myod1
MYOG	target_only	CAGCTGCCAAGGATATCACTGAAT	3.512	3.851	-0.339	-0.743	3.582	-4.325	0.46	Myod1
MYOG	target_only	ATCAGCTGGAGCGTCAGCTGGTCT	3.512	3.477	0.034	3.063	3.629	-0.567	0.58	MYF6
MYOG	target_only	CAGCTGCCAAGAAGACTAGAGCGG	3.512	3.851	-0.339	-1.389	3.582	-4.971	0.58	Myod1
MYOG	target_only	GACACGGGCACCAGCTGGGCTTAT	3.512	3.477	0.034	2.059	3.439	-1.38	0.62	TAL1::TCF3
MYOG	target_only	CCAACATGAAGGCAGCTGCTTCAC	3.512	3.851	-0.339	2.954	3.841	-0.887	0.54	ATOH1
MYOG	target_only	ATCAGCTGCAGAATCACAAGTGCT	3.512	3.287	0.225	-0.239	2.475	-2.715	0.46	MYF6
MYOG	target_only	CAGCTGAGGAAGAGATCCCTATCT	3.512	2.93	0.581	0.662	1.977	-1.315	0.5	Myod1
MYOG	target_only	GCAGCTGCATCGAGTCAAGACGGG	3.512	3.104	0.408	-1.359	3.051	-4.41	0.62	TCF4
MYOG	target_only	CCAGCTGCATCGAGCTGTAGGTGG	3.512	3.477	0.034	0.468	2.564	-2.096	0.62	TCF4
MYOG	target_only	CACACGGGAAACAGCTGAGACACG	3.512	3.868	-0.356	3.382	3.721	-0.339	0.58	MYOD1
MYOG	target_only	CAGCTGCCAAGGATTAAAGACCCA	3.512	3.851	-0.339	-0.828	3.582	-4.41	0.5	Myod1
MYOG	target_only	TGCTCCAGCTGTTTCTGAGTCACA	3.512	3.868	-0.356	3.171	3.721	-0.55	0.5	MYOD1
MYOG	target_only	CCCAGCTGGCAACTGTCAGTCCTT	3.512	3.477	0.034	2.834	3.034	-0.2	0.58	MYOD1
MYOG	target_only	TGCATCACAACCAGCTGAGACTGA	3.512	3.477	0.034	1.95	3.051	-1.1	0.5	MYOD1
MYOG	target_only	CCAGCTGCGTTGAGATAACTGTCT	3.512	3.477	0.034	2.421	3.275	-0.854	0.5	Myod1
MYOG	target_only	GAGGTTGCCTTCAACAGCTGCTGG	3.512	3.868	-0.356	4.528	4.045	0.483	0.58	ATOH1
MYOG	target_only	CAGCTTTGTCCAGACAGCTGCCCT	3.512	3.904	-0.392	3.579	3.982	-0.403	0.58	ATOH1
MYOG	random	TGTGAGTTTGCGGCTGCCAGCTCA	2.215	2.52	-0.305	0.558	1.984	-1.426	0.58	Myod1
MYOG	random	GCCCGCTCTTGCGTTAACCGACTT	0.518	1.218	-0.7	-1.054	1.03	-2.083	0.58	TAL1::TCF3
MYOG	random	GGCGTGCTCTACGAGCGTCAATCG	-0.962	0.255	-1.217	-0.691	-0.26	-0.43	0.62	TAL1::TCF3
MYOG	random	AGTATACCCGTCACCCTGCCAGAC	-0.8	0.664	-1.465	0.263	0.401	-0.138	0.58	TCF4
MYOG	random	ATTTGGCGACGGCTCATACCACTT	0.726	1.153	-0.427	1.792	0.495	1.298	0.5	Myod1
MYOG	random	CCCTTGCTCCCGATTAGCCGGCAT	0.305	0.227	0.078	0.475	0.485	-0.01	0.62	MYOD1
MYOG	random	ATTGCATCGCGGACGAAGCCTCGC	-0.704	-0.367	-0.336	-0.627	-0.56	-0.067	0.62	TCF4
MYOG	random	GAATAGCTATGAGTCCCACTCTGT	-0.058	0.43	-0.488	1.641	0.758	0.883	0.46	ATOH1
MYOG	random	CTAGCTTCTTACTACGGAATCGGC	0.237	0.774	-0.537	-1.015	0.948	-1.963	0.5	ATOH1
MYOG	random	GTTTGCTGCCGACACTGCCCACAC	0.103	0.734	-0.631	-0.638	0.853	-1.491	0.62	Myod1
MYOG	random	CTCTCAAGTCTGCGGTTCAGAGGG	0.84	1.641	-0.802	1.577	0.956	0.621	0.58	Myod1
MYOG	random	GTGCGTCACGTGTGGCGGAACATT	0.251	2.752	-2.501	0.532	3.036	-2.504	0.58	MYF6
MYOG	random	CCTAAGGCAGACGACACCTGAGTT	2.279	3.069	-0.79	1.417	2.837	-1.42	0.54	MYF6
MYOG	random	GGATAACAGAGCTCATAACGTTGC	0.637	0.396	0.242	1.281	1.195	0.086	0.46	TAL1::TCF3
MYOG	random	TGTGAGAGGCTCAATTGTGATACT	-0.219	1.813	-2.032	0.651	1.814	-1.162	0.42	MYF6
MYOG	random	GATTGTGGGCTTAGTGGCCCTTTG	-0.697	0.674	-1.371	-0.691	-0.387	-0.304	0.54	TWIST2
MYOG	random	TCTAAGTAGGTGTTATGCACATGT	1.023	2.144	-1.121	1.765	2.966	-1.201	0.38	TWIST2
MYOG	random	CAAGGTGTCTCTTTCACTGATGCT	0.67	1.526	-0.856	-0.987	2.514	-3.501	0.46	ATOH1
MYOG	random	AAATGGATGTTCAAGACGGAACGC	-0.657	0.171	-0.828	1.744	1.048	0.696	0.46	TAL1::TCF3
MYOG	random	TCCTGTCGTCTGTGGCGTAACACA	0.785	1.203	-0.418	0.461	1.536	-1.076	0.54	ATOH1
MYOG	consensus	CAGCTGTTCGTGTGGCTAGGTGCC	3.512	3.868	-0.356	-0.248	3.721	-3.968	0.62	MYOD1
MYOG	consensus	CCAGCTGTACTCCTCCGGAATTTG	3.512	3.477	0.034	-0.377	2.614	-2.991	0.54	MYOD1
MYOG	consensus	TCCAGCTGCGTGTATAGCAGCGCA	3.512	3.477	0.034	-0.197	3.275	-3.472	0.58	Myod1
MYOG	consensus	CCGCAGCTGCCGGGTCTAATTCAC	3.512	3.851	-0.339	1.942	3.582	-1.64	0.62	Myod1
MYOG	consensus	GTTGCAGCTGCCGTGAGTAGCTAC	3.512	3.851	-0.339	2.152	3.582	-1.43	0.58	Myod1
MYOG	consensus	CCCTACAGCTGCGGGATGTCCTAA	3.512	3.257	0.254	2.279	3.275	-0.996	0.58	Myod1
MYOG	consensus	TATTGTCAGCTGGTGCGGTATAGC	3.512	3.477	0.034	2.893	3.629	-0.737	0.5	MYF6
MYOG	consensus	TGGTGTTCAGCTGACTATACTCCC	3.512	3.438	0.073	1.728	2.436	-0.708	0.5	MYF6
MYOG	consensus	GCATACGTCAGCTGCCAAGCTATC	3.512	3.851	-0.339	2.594	3.582	-0.988	0.54	Myod1
MYOG	consensus	GAATCTCTTCAGCTGGTCCTTTAT	3.512	3.477	0.034	2.428	3.051	-0.623	0.42	MYOD1
MYOG	consensus	TTCATTGATGCAGCTGACGTATAC	3.512	3.438	0.073	1.842	2.741	-0.899	0.42	MYF6
MYOG	consensus	AATCGGGACACCAGCTGTTGTCAG	3.512	3.868	-0.356	4.185	4.12	0.065	0.54	TAL1::TCF3
MYOG	consensus	TAGCCTGCTGTATCAGCTGTCTCG	3.512	3.904	-0.392	4.061	3.704	0.357	0.54	MYOD1
MYOG	consensus	ATGCAGCTCGAGATCAGCTGTGTA	3.512	3.287	0.225	3.291	3.387	-0.096	0.5	Myod1
MYOG	consensus	TGGTACAACGTATGCCAGCTGTAT	3.512	3.477	0.034	2.332	3.101	-0.769	0.46	ATOH7
MYOG	consensus	GGTCTAGCAGCACTATCAGCTGTG	3.512	3.287	0.225	0.794	3.387	-2.593	0.54	Myod1
MYOG	consensus	GTAACGTCAACCTCGGACAGCTGG	3.512	3.904	-0.392	0.23	3.704	-3.473	0.58	MYOD1
MYOG	consensus	GTGTGTCAGGAGTGAGGACAGCTG	3.512	3.904	-0.392	0.526	3.704	-3.178	0.58	MYOD1
CREB3L2	proposed	ACGTCAATCTCGACCGAATTAGTC	0.137	-0.451	0.588	-1.303	0.858	-2.161	0.46	JUN
CREB3L2	proposed	CCGATGAGACTGAGAGACTGACGT	0.137	-0.419	0.556	0.063	0.286	-0.224	0.54	JUN
CREB3L2	proposed	GTCCCTGGGTTAACAGCATGACGT	0.144	-0.346	0.49	-0.719	0.249	-0.968	0.54	CREB3L4
CREB3L2	proposed	GTGCGGACCTAATTATGCTCACGA	0.55	0.107	0.443	-2.271	0.224	-2.495	0.5	CREBZF
CREB3L2	proposed	ACGTCATGAGAGGAGAAATACCTG	0.137	-0.288	0.425	0.508	0.367	0.141	0.46	JUN
CREB3L2	proposed	GCGTGAAGAGAGTTAGCTGCTATT	1.192	0.78	0.412	0.024	1.067	-1.042	0.46	JUN
CREB3L2	proposed	GCGTGAGTACACCATGGGTACATT	1.192	0.78	0.412	0.407	0.1	0.307	0.5	CREB3L3
CREB3L2	proposed	GCGTGATCCTTCCTATACTAGACT	1.192	0.78	0.412	-0.788	0.224	-1.012	0.46	CREBZF
CREB3L2	proposed	GCGTGACCCAGGATGAAACCGGAA	1.192	0.78	0.412	-0.813	1.598	-2.411	0.58	JUN
CREB3L2	proposed	GCGTGAGTGAATCGCGAGTCAGGA	1.192	0.78	0.412	0.68	3.037	-2.357	0.58	JUN
CREB3L2	proposed	ACGGAGGCTATCTCTTAGTCACGC	1.192	0.78	0.412	-0.858	2.283	-3.141	0.54	JUN
CREB3L2	proposed	AGATCCAACGGGACAGTCTCACGC	1.192	0.78	0.412	0.566	1.214	-0.648	0.58	CREB3L3
CREB3L2	proposed	AAGTAGCATATCTGGTAGTCACGC	1.192	0.78	0.412	-1.493	2.283	-3.776	0.46	JUN
CREB3L2	proposed	CGTACCCATTGATTTGCATCACGC	1.192	0.78	0.412	-0.685	0.401	-1.086	0.5	CREB3
CREB3L2	proposed	GAGTTCCTGCGTCCGGTATCACGT	1.979	1.589	0.39	-0.788	1.511	-2.299	0.58	CREB3L1
CREB3L2	proposed	AAGTATGGTCCGCAGTTGTCACGT	1.979	1.589	0.39	-0.249	2.499	-2.749	0.5	CREB3L1
CREB3L2	proposed	AATGGACCCTGCTTGTAGTCACGT	1.979	1.589	0.39	-0.421	2.283	-2.705	0.5	JUN
CREB3L2	proposed	ATGCGGAATTTCTCTTACTCACGT	1.979	1.589	0.39	-0.947	1.67	-2.617	0.42	JUN
CREB3L2	proposed	AGGTAGCATTTCTGACAGTCACGT	1.979	1.589	0.39	-2.118	2.106	-4.224	0.46	CREB3L1
CREB3L2	proposed	GTATATGCCCAGCAGTTATCACGT	1.979	1.589	0.39	-1.775	1.511	-3.286	0.46	CREB3L1
CREB3L2	target_only	CCACGTATGGACCCATGTATCCAT	3.035	2.982	0.053	0.895	2.326	-1.431	0.5	XBP1
CREB3L2	target_only	CCACGTTATGGTCTAATTACCGGT	3.035	2.982	0.053	0.723	2.474	-1.751	0.46	XBP1
CREB3L2	target_only	CCACGCAAATCGTGTTCTCCACGT	3.035	2.982	0.053	0.269	2.984	-2.715	0.54	CREB3L1
CREB3L2	target_only	CCACGTAGCTGTATAACTTCAGGG	3.035	2.982	0.053	2.468	2.215	0.253	0.5	XBP1
CREB3L2	target_only	CCACGTTAGGATACGTTGCTCGAT	3.035	3.079	-0.044	1.171	3.363	-2.192	0.5	CREBZF
CREB3L2	target_only	CCACGTTACCTTACCTATGCACGT	3.035	2.982	0.053	2.068	2.474	-0.407	0.5	XBP1
CREB3L2	target_only	CCACGTTATGGTGCATATAGCCGA	3.035	2.982	0.053	0.723	2.474	-1.751	0.5	XBP1
CREB3L2	target_only	CCACGTAAGGCCCAACATCCACGT	3.035	2.982	0.053	0.723	2.953	-2.23	0.58	XBP1
CREB3L2	target_only	CCACGTATCGATATGTTTGTCCTT	3.035	2.982	0.053	2.239	2.326	-0.086	0.42	XBP1
CREB3L2	target_only	CCACGTCGGTTCAAGTATCCACGG	3.035	2.982	0.053	2.132	2.816	-0.684	0.58	XBP1
CREB3L2	target_only	CCACGTTGCCGCATACATCCACTT	3.035	2.982	0.053	2.468	1.78	0.688	0.54	CREB3L1
CREB3L2	target_only	CCACGTAGCTAGAAGTACCAACGT	3.035	2.982	0.053	2.468	2.215	0.253	0.5	XBP1
CREB3L2	target_only	CCACGTTCTGCAATGTAGGTCTCT	3.035	2.982	0.053	-0.285	1.661	-1.947	0.5	XBP1
CREB3L2	target_only	CCACGTATTGATAAGCCTCCATGA	3.035	2.982	0.053	0.895	2.326	-1.431	0.46	XBP1
CREB3L2	target_only	CCACTTTGCCGTAAACAACCACGT	3.035	2.982	0.053	0.942	2.717	-1.775	0.5	CREB3L1
CREB3L2	target_only	CCACGTCCTTAAGTTCTTCTGAAC	3.035	2.982	0.053	0.723	2.741	-2.017	0.46	XBP1
CREB3L2	target_only	CCACGTATAAATGCAGTACACCTA	3.035	2.982	0.053	1.966	2.326	-0.359	0.42	XBP1
CREB3L2	target_only	CCACGTATAGATGCCCTACCTTCT	3.035	2.982	0.053	1.966	2.326	-0.359	0.5	XBP1
CREB3L2	target_only	CCACGTAAGACCGCACAAGCCATT	3.035	2.982	0.053	0.723	2.953	-2.23	0.54	XBP1
CREB3L2	target_only	CCACGAATCTGGCTATATCCACGT	3.035	2.982	0.053	0.713	2.904	-2.191	0.5	CREB3L1
CREB3L2	random	TGTGAGTTTGCGGCTGCCAGCTCA	-0.53	1.407	-1.937	0.463	1.319	-0.856	0.58	ATF6B
CREB3L2	random	GCCCGCTCTTGCGTTAACCGACTT	-0.554	1.233	-1.787	-0.891	1.546	-2.437	0.58	CREBZF
CREB3L2	random	GGCGTGCTCTACGAGCGTCAATCG	1.318	1.409	-0.09	-0.403	0.951	-1.353	0.62	XBP1
CREB3L2	random	AGTATACCCGTCACCCTGCCAGAC	0.354	2.045	-1.691	1.722	2.682	-0.96	0.58	ATF6B
CREB3L2	random	ATTTGGCGACGGCTCATACCACTT	0.994	1.313	-0.318	1.677	1.843	-0.166	0.5	CREB3L3
CREB3L2	random	CCCTTGCTCCCGATTAGCCGGCAT	-1.274	0.237	-1.511	-0.523	0.301	-0.824	0.62	JUN
CREB3L2	random	ATTGCATCGCGGACGAAGCCTCGC	-0.088	0.923	-1.011	-0.25	0.845	-1.095	0.62	XBP1
CREB3L2	random	GAATAGCTATGAGTCCCACTCTGT	0.208	0.38	-0.172	-0.412	1.473	-1.885	0.46	JUN
CREB3L2	random	CTAGCTTCTTACTACGGAATCGGC	0.145	1.442	-1.297	-1.871	1.721	-3.592	0.5	CREBZF
CREB3L2	random	GTTTGCTGCCGACACTGCCCACAC	0.814	1.071	-0.257	-0.421	1.009	-1.43	0.62	ATF6B
CREB3L2	random	CTCTCAAGTCTGCGGTTCAGAGGG	-0.498	0.446	-0.944	0.416	0.81	-0.394	0.58	CREB3L3
CREB3L2	random	GTGCGTCACGTGTGGCGGAACATT	2.298	3.322	-1.024	3.732	2.87	0.862	0.58	XBP1
CREB3L2	random	CCTAAGGCAGACGACACCTGAGTT	0.722	1.959	-1.237	2.206	1.864	0.342	0.54	ATF6B
CREB3L2	random	GGATAACAGAGCTCATAACGTTGC	1.289	3.184	-1.895	0.999	3.29	-2.291	0.46	CREBZF
CREB3L2	random	TGTGAGAGGCTCAATTGTGATACT	-0.884	0.503	-1.387	-0.664	0.462	-1.126	0.42	JUN
CREB3L2	random	GATTGTGGGCTTAGTGGCCCTTTG	0.172	1.655	-1.483	-0.56	0.687	-1.248	0.54	CREB3L1
CREB3L2	random	TCTAAGTAGGTGTTATGCACATGT	0.722	1.35	-0.627	0.925	1.443	-0.519	0.38	CREBZF
CREB3L2	random	CAAGGTGTCTCTTTCACTGATGCT	0.722	0.992	-0.27	0.737	1.605	-0.867	0.46	JUN
CREB3L2	random	AAATGGATGTTCAAGACGGAACGC	-0.427	0.68	-1.107	0.268	0.343	-0.075	0.46	CREBZF
CREB3L2	random	TCCTGTCGTCTGTGGCGTAACACA	0.699	2.229	-1.53	0.096	1.712	-1.616	0.54	ATF6B
CREB3L2	consensus	TACTGACGACCCACGTGGAGTGGG	3.035	2.982	0.053	3.687	3.167	0.52	0.62	CREB3L3
CREB3L2	consensus	TATTGTCCACGTGTGCGGTATAGC	3.035	2.982	0.053	3.859	3.453	0.406	0.5	CREB3L3
CREB3L2	consensus	TGGTGTTCCACGTACTATACTCCC	3.035	2.982	0.053	1.147	3.298	-2.15	0.5	CREB3L1
CREB3L2	consensus	TAGCCTGCTGTATCCACGTTCTCG	3.035	2.982	0.053	1.147	2.904	-1.757	0.54	CREB3L1
CREB3L2	consensus	GCATACGTCCACGTCCAAGCTATC	3.035	3.495	-0.46	2.17	2.836	-0.666	0.54	CREB3L1
CREB3L2	consensus	AATCGGGACACCCACGTTTGTCAG	3.035	2.982	0.053	1.319	2.567	-1.248	0.54	CREB3L1
CREB3L2	consensus	TTCATTGATGCCACGTACGTATAC	3.035	3.171	-0.136	1.42	4.099	-2.678	0.42	CREB3L1
CREB3L2	consensus	GAATCTCTTCCACGTGTCCTTTAT	3.035	2.982	0.053	3.859	4.334	-0.475	0.42	CREB3L3
CREB3L2	consensus	CCCTACCACGTCGGGATGTCCTAA	3.035	3.234	-0.199	2.17	3.11	-0.94	0.58	CREB3L1
CREB3L2	consensus	TCCCACGTCGTGTATAGCAGCGCA	3.035	3.006	0.029	2.17	3.01	-0.84	0.58	ATF6B
CREB3L2	consensus	CCGCCACGTCCGGGTCTAATTCAC	3.035	3.879	-0.844	2.443	3.785	-1.342	0.62	CREB3L1
CREB3L2	consensus	GTTGCCACGTCCGTGAGTAGCTAC	3.035	3.963	-0.928	2.443	4.099	-1.656	0.58	CREB3L1
CREB3L2	consensus	CCCACGTTACTCCTCCGGAATTTG	3.035	3.175	-0.14	2.068	2.579	-0.511	0.54	CREB3L4
CREB3L2	consensus	CCACGTTTCGTGTGGCTAGGTGCC	3.035	2.982	0.053	2.239	1.986	0.253	0.62	CREBZF
CREB3L2	consensus	TGGTACAACGTATGCCCACGTTAT	3.035	3.247	-0.212	1.147	3.363	-2.216	0.46	CREBZF
CREB3L2	consensus	ATGCAGCTCGAGATCCACGTTGTA	3.035	2.982	0.053	2.219	2.904	-0.686	0.5	CREB3L1
CREB3L2	consensus	GTAACGTCAACCTCGGACCACGTG	3.035	3.021	0.014	1.622	2.648	-1.026	0.58	CREB3L1
CREB3L2	consensus	GGTCTAGCAGCACTATCCACGTTG	3.035	2.982	0.053	2.219	2.904	-0.686	0.54	CREB3L1
CREB3L2	consensus	GTGTGTCAGGAGTGAGGACCACGT	3.035	2.982	0.053	0.68	2.648	-1.967	0.58	CREB3L1
ELK1	proposed	AGAAGTCAAGGCCCGACGTTCCAA	1.757	0.762	0.995	-0.236	0.881	-1.117	0.54	ETV5
ELK1	proposed	AACTTCGCAACATGCCCGACGTTC	1.757	0.762	0.995	0.379	0.881	-0.502	0.54	ETV5
ELK1	proposed	TACTTAAACGTTCGCCCGACGTTC	1.757	0.762	0.995	0.408	0.881	-0.473	0.5	ETV5
ELK1	proposed	CACTGCTAGACTTGCCCGACGTAC	1.757	0.762	0.995	0.379	0.881	-0.502	0.58	ETV5
ELK1	proposed	CGTTAGGTACATCGCCCGACGTTT	1.757	0.762	0.995	0.429	0.881	-0.452	0.54	ETV5
ELK1	proposed	TTTCAAGCCCGACGTGAGTCGACA	1.757	0.762	0.995	1.014	0.881	0.132	0.54	ETV5
ELK1	proposed	GCCCGACGTTCCATTTCTTTGATG	1.757	0.762	0.995	-0.236	1.147	-1.382	0.5	ELF1
ELK1	proposed	GCCCGACGTGAGTATTGTGGTGCG	1.757	0.762	0.995	-0.236	0.881	-1.117	0.62	ETV5
ELK1	proposed	TAAAGAGGCTTGCCCGACGTTCCT	1.757	0.762	0.995	0.379	0.881	-0.502	0.54	ETV5
ELK1	proposed	GCCCGACGTGCTATTTAAGATTTG	1.757	0.762	0.995	-0.236	0.881	-1.117	0.46	ETV5
ELK1	proposed	TGAAGTCGAGGCCCGACGTTATTC	1.757	0.762	0.995	-0.236	0.881	-1.117	0.54	ETV5
ELK1	proposed	TGAAGTCGCAGCCCGACGTATTAG	1.757	0.762	0.995	-0.236	0.881	-1.117	0.54	ETV5
ELK1	proposed	ATACCATGGATGCCCGACGTGGCA	1.757	0.762	0.995	0.379	0.881	-0.502	0.58	ETV5
ELK1	proposed	AAACTGCGCGTGCCCGACGTACTG	1.757	0.762	0.995	0.379	0.881	-0.502	0.62	ETV5
ELK1	proposed	GTTCTTAACGGGCCCGACGTGGCT	1.757	0.762	0.995	-0.236	0.881	-1.117	0.62	ETV5
ELK1	proposed	CAAAGTAGCTAGCCCGACGTTGCC	1.757	0.762	0.995	-0.236	0.881	-1.117	0.58	ETV5
ELK1	proposed	TTAAATCTAGGCCCGACGTGTCCT	1.757	0.762	0.995	-0.236	0.881	-1.117	0.5	ETV5
ELK1	proposed	AGTAGTCAAGGCCCGACGTGACGG	1.757	0.762	0.995	0.476	0.881	-0.406	0.62	ETV5
ELK1	proposed	AAGGATATTGGCCCGACGTCACAG	1.757	0.762	0.995	0.536	0.881	-0.345	0.54	ETV5
ELK1	proposed	TAAGGTGCTTGCCCGACGTACCCA	1.757	0.762	0.995	0.379	0.881	-0.502	0.58	ETV5
ELK1	target_only	GTCAGGCAAAGATACCGGAAGTTG	4.604	4.609	-0.006	3.001	4.593	-1.593	0.5	FEV
ELK1	target_only	CATGCTCCTAATTACCGGAAGTCA	4.604	4.609	-0.006	3.001	4.593	-1.593	0.46	FEV
ELK1	target_only	GATTGTACTACATACCGGAAGTGG	4.604	4.609	-0.006	3.001	4.593	-1.593	0.46	FEV
ELK1	target_only	GCACGGTCTGTAAACCGGAAGTTC	4.604	4.609	-0.006	3.001	4.593	-1.593	0.54	FEV
ELK1	target_only	CGTTGTCCCATCTACCGGAAGTCT	4.604	4.609	-0.006	3.001	4.593	-1.593	0.54	FEV
ELK1	target_only	TAACCGGAAGTGGACAAGGTGCCT	4.604	4.609	-0.006	3.001	4.593	-1.593	0.54	FEV
ELK1	target_only	AGACCGGAAGTATAAAGTGATCCC	4.604	4.609	-0.006	3.001	4.593	-1.593	0.46	FEV
ELK1	target_only	AGACCGGAAGTGACTGGTGAATCC	4.604	4.609	-0.006	3.001	4.593	-1.593	0.54	FEV
ELK1	target_only	TAACCGGAAGTGTCCAGTCATTGC	4.604	4.609	-0.006	3.001	4.593	-1.593	0.5	FEV
ELK1	target_only	CTACCGGAAGTTGGTGTTAGCCTA	4.604	4.609	-0.006	3.001	4.593	-1.593	0.5	FEV
ELK1	target_only	GCACCGGAAGTGACGAACGAACTG	4.604	4.609	-0.006	3.001	4.593	-1.593	0.58	FEV
ELK1	target_only	ACACCGGAAGTGGCATGAGAAAGA	4.604	4.609	-0.006	3.001	4.593	-1.593	0.5	FEV
ELK1	target_only	TCACCGGAAGTGTAAACGGCGTTC	4.604	4.609	-0.006	3.001	4.593	-1.593	0.54	FEV
ELK1	target_only	GGACCGGAAGTGGCAGCGAAAGGA	4.604	4.609	-0.006	3.001	4.593	-1.593	0.62	FEV
ELK1	target_only	AAACCGGAAGTGACGGTGCAACTT	4.604	4.609	-0.006	3.001	4.593	-1.593	0.5	FEV
ELK1	target_only	ACACCGGAAGTGAGAATCGAACCA	4.604	4.609	-0.006	3.001	4.593	-1.593	0.5	FEV
ELK1	target_only	GCACCGGAAGTTCGGGTGCATCTT	4.604	4.609	-0.006	3.001	4.593	-1.593	0.58	FEV
ELK1	target_only	CGACCGGAAGTGGAGGAGGTATTC	4.604	4.609	-0.006	3.001	4.593	-1.593	0.58	FEV
ELK1	target_only	AGACCGGAAGTTGCGAGTTATTGC	4.604	4.609	-0.006	3.001	4.593	-1.593	0.5	FEV
ELK1	target_only	TTACCGGAAGTAAGCTGTGAAGCC	4.604	4.609	-0.006	3.001	4.593	-1.593	0.5	FEV
ELK1	random	TGTGAGTTTGCGGCTGCCAGCTCA	0.779	1.408	-0.629	0.256	1.693	-1.437	0.58	ERF
ELK1	random	GCCCGCTCTTGCGTTAACCGACTT	0.529	1.025	-0.496	-0.243	0.893	-1.135	0.58	GABPA
ELK1	random	GGCGTGCTCTACGAGCGTCAATCG	-0.751	-0.223	-0.528	-0.052	0.299	-0.351	0.62	FEV
ELK1	random	AGTATACCCGTCACCCTGCCAGAC	-0.257	0.301	-0.558	0.22	0.608	-0.388	0.58	ERF
ELK1	random	ATTTGGCGACGGCTCATACCACTT	-1.396	-1.216	-0.18	-1.549	-0.866	-0.683	0.5	ETV5
ELK1	random	CCCTTGCTCCCGATTAGCCGGCAT	1.163	1.587	-0.424	0.976	1.974	-0.998	0.62	ERF
ELK1	random	ATTGCATCGCGGACGAAGCCTCGC	0.508	1.324	-0.816	1.276	1.241	0.036	0.62	GABPA
ELK1	random	GAATAGCTATGAGTCCCACTCTGT	-0.243	-0.156	-0.087	-0.581	-0.687	0.106	0.46	ETV1
ELK1	random	CTAGCTTCTTACTACGGAATCGGC	0.631	2.089	-1.458	1.437	2.238	-0.802	0.5	ELK4
ELK1	random	GTTTGCTGCCGACACTGCCCACAC	0.117	1.094	-0.978	-0.444	1.433	-1.877	0.62	ERF
ELK1	random	CTCTCAAGTCTGCGGTTCAGAGGG	-0.534	1.196	-1.729	-0.892	0.232	-1.124	0.58	FEV
ELK1	random	GTGCGTCACGTGTGGCGGAACATT	1.223	1.19	0.032	0.476	1.832	-1.356	0.58	GABPA
ELK1	random	CCTAAGGCAGACGACACCTGAGTT	0.347	1.182	-0.835	-1.223	0.557	-1.78	0.54	ELF1
ELK1	random	GGATAACAGAGCTCATAACGTTGC	-1.154	0.059	-1.213	-0.551	-1.064	0.513	0.46	ELF1
ELK1	random	TGTGAGAGGCTCAATTGTGATACT	-1.432	-0.988	-0.444	-0.643	-1.051	0.408	0.42	ELK4
ELK1	random	GATTGTGGGCTTAGTGGCCCTTTG	-0.941	-0.567	-0.374	-2.089	-0.49	-1.599	0.54	ELF1
ELK1	random	TCTAAGTAGGTGTTATGCACATGT	-1.995	-0.534	-1.461	-0.581	0.746	-1.327	0.38	ELF1
ELK1	random	CAAGGTGTCTCTTTCACTGATGCT	-0.551	-0.157	-0.394	0.837	-0.087	0.924	0.46	ELK4
ELK1	random	AAATGGATGTTCAAGACGGAACGC	1.23	1.513	-0.284	0.296	1.455	-1.159	0.46	ETV1
ELK1	random	TCCTGTCGTCTGTGGCGTAACACA	-0.559	-0.299	-0.26	-0.763	-0.084	-0.68	0.54	GABPA
ELK1	consensus	TGGTACAACGTATGCACCGGAAGT	4.604	4.609	-0.006	3.001	4.593	-1.593	0.5	FEV
ELK1	consensus	ATGCAGCTCGAGATACCGGAAGTA	4.604	4.609	-0.006	3.001	4.593	-1.593	0.5	FEV
ELK1	consensus	TAGCCTGCTGTATACCGGAAGTCG	4.604	4.609	-0.006	3.001	4.593	-1.593	0.54	FEV
ELK1	consensus	TACTGACGACCCACCGGAAGTGGG	4.604	4.609	-0.006	3.001	4.593	-1.593	0.62	FEV
ELK1	consensus	AATCGGGACACACCGGAAGTTCAG	4.604	4.609	-0.006	3.001	4.593	-1.593	0.54	FEV
ELK1	consensus	TTCATTGATGACCGGAAGTTATAC	4.604	4.609	-0.006	3.001	4.593	-1.593	0.38	FEV
ELK1	consensus	GAATCTCTTACCGGAAGTCTTTAT	4.604	4.609	-0.006	3.001	4.593	-1.593	0.38	FEV
ELK1	consensus	GCATACGTACCGGAAGTAGCTATC	4.604	4.609	-0.006	3.001	4.593	-1.593	0.5	FEV
ELK1	consensus	TGGTGTTACCGGAAGTATACTCCC	4.604	4.609	-0.006	3.001	4.593	-1.593	0.5	FEV
ELK1	consensus	TATTGTACCGGAAGTCGGTATAGC	4.604	4.609	-0.006	3.001	4.593	-1.593	0.46	FEV
ELK1	consensus	CCCTAACCGGAAGTGATGTCCTAA	4.604	4.609	-0.006	3.001	4.593	-1.593	0.5	FEV
ELK1	consensus	GTTGACCGGAAGTTGAGTAGCTAC	4.604	4.609	-0.006	3.001	4.593	-1.593	0.5	FEV
ELK1	consensus	CCGACCGGAAGTGGTCTAATTCAC	4.604	4.609	-0.006	3.001	4.593	-1.593	0.54	FEV
ELK1	consensus	TCACCGGAAGTGTATAGCAGCGCA	4.604	4.609	-0.006	3.001	4.593	-1.593	0.54	FEV
ELK1	consensus	CACCGGAAGTTCCTCCGGAATTTG	4.604	4.609	-0.006	3.001	4.593	-1.593	0.54	FEV
ELK1	consensus	ACCGGAAGTGTGTGGCTAGGTGCC	4.604	4.609	-0.006	3.001	4.593	-1.593	0.62	FEV
ELK1	consensus	TGGTACAACGTATGCACTTCCGGT	4.604	4.609	-0.006	3.001	4.593	-1.593	0.5	FEV
ELK1	consensus	ATGCAGCTCGAGATACTTCCGGTA	4.604	4.609	-0.006	3.001	4.593	-1.593	0.5	FEV
ELK1	consensus	TAGCCTGCTGTATACTTCCGGTCG	4.604	4.609	-0.006	3.001	4.593	-1.593	0.54	FEV
ELK1	consensus	TACTGACGACCCACTTCCGGTGGG	4.604	4.609	-0.006	3.001	4.593	-1.593	0.62	FEV
