target	family	off_targets	target_self_corr	pred_off_corr_mean	pred_off_corr_max	exp_off_corr_mean	exp_off_corr_max	predicted_separability	exp_oracle_margin	tfscope_transfer_margin	case
MATALPHA2	Homeodomain	BARHL2;POU1F1;IRX3;MEIS1;NANOG;NKX6-1;IRX2;POU2F1::SOX2	0.881	0.909	0.978	0.777	0.897	2.878	2.121	1.022	hard
PBX1	Homeodomain	HOXC10;PAX6;exd;PBX2;Ubx;POU3F1;HNF1B;POU4F1	0.375	0.902	0.941	0.612	0.877	1.637	3.417	-1.594	moderate
Ubx	Homeodomain	HOXB7;HOXB2;HOXB5;al;LMX1B;eve;HOXD4;HOXB4	0.997	0.993	0.996	0.964	0.989	0.996	1.734	1.557	hard
POU2F1::SOX2	Homeodomain	BARHL2;POU1F1;NANOG;NKX6-1;MEIS1;POU2F2;POU2F3;CUX1	0.843	0.947	0.978	0.877	0.978	2.831	1.012	0.105	hard
POU2F1	Homeodomain	POU5F1B;MEIS2;POU5F1;Pou5f1::Sox2;CUX1;POU3F1;ARX;NKX6-1	0.997	0.939	0.983	0.887	0.998	2.768	0.123	0.02	hard
en	Homeodomain	GBX2;EN1;SHOX;DLX6;SHOX2;DLX5;LHX2;HESX1	0.998	0.997	0.999	0.988	0.998	-0.053	0.574	0.574	hard
HNF1A	Homeodomain	NKX1-1;HNF1B;TLX2;eve;HOXB4;Antp;HOXC4;GSX2	0.991	0.961	0.984	0.918	0.997	1.195	0.394	-0.14	hard
eve	Homeodomain	HOXB4;HOXC4;HOXD4;HOXA7;Antp;HOXB8;BARX1;Ubx	0.995	0.995	0.998	0.984	0.997	0.649	0.738	0.738	hard
vnd	Homeodomain	NKX2-8;TGIF1;NKX2-3;PKNOX1;NKX2-5;TGIF2LY;MEIS3;PBX2	0.996	0.82	0.934	0.762	0.938	2.503	3.979	2.33	moderate
HOXA9	Homeodomain	MEIS2;NKX6-1;LHX6;Abd-B;MEIS1;CDX2;POU3F3;CUX1	0.995	0.967	0.994	0.854	0.992	2.196	1.063	-0.395	hard
bcd	Homeodomain	PITX2;GSC;PITX1;OTX1;CRX;NKX1-1;DMBX1;ARGFX	0.998	0.985	0.999	0.896	0.998	0.529	1.008	-0.597	hard
HNF1B	Homeodomain	HNF1A;NKX1-1;eve;Antp;TLX2;HOXB4;HOXC4;Scr	0.994	0.959	0.98	0.922	0.997	1.172	0.797	0.18	hard
HOXA13	Homeodomain	HOXB13;ONECUT3;NANOG;HOXC9;HOXD9;Abd-B;CDX1;BARHL2	0.98	0.892	0.982	0.764	0.952	1.683	1.458	0.09	hard
PITX2	Homeodomain	bcd;GSC;PITX1;OTX1;CRX;NKX1-1;DMBX1;ARGFX	0.999	0.986	0.999	0.92	0.998	0.036	1.066	-0.64	hard
GBX1	Homeodomain	MSX1;MSX2;SHOX;SHOX2;DLX5;DUX4;DLX6;GBX2	0.98	0.995	0.999	0.963	0.999	0.342	0.323	-0.205	hard
Scr	Homeodomain	POU6F1;Antp;HOXC4;HOXD4;eve;HOXB4;HOXC10;HNF1B	0.997	0.959	0.994	0.91	0.99	1.156	2.864	1.297	hard
exd	Homeodomain	HOXC10;PBX2;PAX6;POU3F1;PBX1;CDX2;POU4F1;NKX2-4	0.736	0.884	0.976	0.609	0.877	1.043	3.845	-0.919	hard
POU3F1	Homeodomain	exd;HOXC10;POU6F1;Scr;NKX6-3;POU4F1;PBX2;Pou5f1::Sox2	0.996	0.927	0.944	0.709	0.935	3.454	2.164	0.847	moderate
al	Homeodomain	LMX1A;BSX;LMX1B;SHOX;VSX2;MNX1;SHOX2;HOXB1	1.0	0.998	1.0	0.958	0.992	0.442	0.599	0.13	hard
POU6F1	Homeodomain	Scr;NKX1-1;HOXC10;Antp;NKX6-3;POU3F1;HOXC4;HOXD4	0.999	0.958	0.994	0.867	0.988	0.685	1.279	0.921	hard
Pou5f1::Sox2	Homeodomain	POU5F1;POU2F1;POU5F1B;POU3F1;MEIS3;DUX4;GBX1;MSX2	0.992	0.886	0.994	0.801	0.994	0.691	0.851	0.399	hard
POU5F1	Homeodomain	Pou5f1::Sox2;POU2F1;POU5F1B;POU3F1;MEIS3;HMX1;GBX1;DUX4	0.974	0.892	0.994	0.801	0.994	0.071	0.403	0.113	hard
NKX2-5	Homeodomain	NKX2-8;NKX2-3;vnd;ISL1;NKX2-4;SIX5;TGIF1;PKNOX1	0.995	0.675	0.842	0.71	0.916	2.164	1.43	-0.174	easy
NANOG	Homeodomain	POU2F3;HOXC13;POU2F1::SOX2;HOXD13;HOXC12;Antp;eve;MATALPHA2	0.339	0.949	0.974	0.583	0.985	2.495	4.057	-0.996	hard
DLX5	Homeodomain	GBX2;SHOX;DLX6;SHOX2;en;MSX1;MSX2;EN1	1.0	0.997	0.999	0.994	1.0	0.054	0.107	0.031	hard
Antp	Homeodomain	HOXC4;HOXD4;HOXA7;eve;HOXB4;HOXB8;NKX1-1;HOXA6	1.0	0.992	0.997	0.989	0.999	0.185	0.272	0.268	hard
HOXB13	Homeodomain	HOXC9;ONECUT3;CUX1;HOXD9;HOXA13;CUX2;CDX1;CDX2	0.996	0.977	0.986	0.789	0.952	0.877	0.82	-1.767	hard
MEIS2	Homeodomain	PAX7;HOXA9;POU5F1B;POU2F1;Abd-B;MEIS1;HOXC10;HOXA10	0.997	0.96	0.995	0.92	0.992	2.106	1.535	1.844	hard
MEIS1	Homeodomain	PAX7;HOXA9;CDX2;Abd-B;MEIS2;CUX1;POU2F1::SOX2;HOXA10	0.998	0.96	0.985	0.907	0.977	2.278	2.079	1.937	hard
CDX1	Homeodomain	HOXD9;HOXC9;HOXB13;ONECUT3;Abd-B;NANOG;CDX2;BARHL2	0.999	0.941	0.988	0.803	0.987	0.851	1.361	0.719	hard
POU1F1	Homeodomain	HOXC12;HOXD13;Abd-B;POU2F2;HOXA10;MATALPHA2;POU2F1::SOX2;HOXC13	0.718	0.971	0.992	0.73	0.984	2.59	3.135	0.668	hard
DUX4	Homeodomain	MSX1;MSX2;GBX1;SHOX;SHOX2;DLX5;GBX2;DLX6	0.7	0.991	0.995	0.742	0.77	0.666	4.131	-2.085	hard
Abd-B	Homeodomain	HOXA9;POU1F1;NKX6-1;MEIS2;BARHL2;MEIS1;CDX1;HOXC10	0.993	0.96	0.98	0.897	0.987	0.974	2.837	1.174	hard
CDX2	Homeodomain	HOXA9;MEIS1;POU1F1;HOXC9;HOXB13;HOXD9;BARHL2;POU4F1	0.976	0.945	0.966	0.79	0.953	2.697	1.757	1.687	hard
TGIF1	Homeodomain	HOXC10;PAX6;POU3F1;vnd;PKNOX1;TGIF2LY;CDX2;MEIS3	0.82	0.848	0.978	0.734	0.986	2.925	2.837	0.394	hard
PAX6	Homeodomain	exd;TGIF1;PBX2;PBX1;SHOX;SHOX2;POU2F2;POU4F1	0.992	0.897	0.958	0.667	0.815	5.787	3.195	3.969	hard
IRX2	Homeodomain	MATALPHA2;TGIF2LY;MEIS3;PKNOX1;IRX3;Antp;NANOG;NKX1-1	0.872	0.764	0.835	0.644	0.956	3.286	0.754	-1.164	easy
MNX1	Homeodomain	SHOX2;SHOX;LMX1A;al;BSX;ISX;HOXB1;LHX5	0.984	0.997	0.999	0.958	0.983	0.373	0.563	-0.051	hard
PBX2	Homeodomain	HOXC10;exd;PAX6;POU3F1;PBX1;vnd;CDX2;HOXA10	0.389	0.865	0.964	0.75	0.859	1.088	3.254	-1.76	hard
LMX1A	Homeodomain	al;BSX;SHOX;MNX1;SHOX2;PHOX2B;PHOX2A;LMX1B	0.99	0.997	1.0	0.944	0.991	0.284	0.32	-0.368	hard
HOXC12	Homeodomain	BARHL2;POU1F1;NANOG;NKX6-1;MEIS1;POU2F3;HOXD13;EMX2	0.727	0.902	0.995	0.567	0.827	2.56	2.309	-0.677	hard
MSX1	Homeodomain	MSX2;GBX1;SHOX;SHOX2;DLX5;DUX4;DLX6;GBX2	0.994	0.997	1.0	0.954	1.0	-0.041	1.672	-1.472	hard
ALX3	Homeodomain	MIXL1;LMX1B;VSX2;SHOX2;SHOX;PHOX2B;PHOX2A;al	0.967	0.996	0.998	0.97	0.994	0.606	0.275	-0.429	hard
CUX2	Homeodomain	HMX1;HMX2;HOXB13;GBX1;CUX1;DUX4;MSX2;POU1F1	0.964	0.971	0.992	0.777	0.983	1.045	2.22	-0.406	hard
LHX5	Homeodomain	ISX;HESX1;SHOX;SHOX2;LHX2;MNX1;ALX1;BSX	1.0	0.997	1.0	0.955	0.983	-0.004	0.905	-0.456	hard
HOXB5	Homeodomain	Ubx;HOXB2;HOXB7;GSX1;GSX2;HOXD4;HOXA6;HOXB4	0.982	0.99	0.995	0.977	0.99	0.294	0.595	-1.241	hard
NKX6-2	Homeodomain	ESX1;LHX2;SHOX2;SHOX;HOXB2;LHX5;HESX1;ISX	0.971	0.994	0.996	0.931	0.991	0.104	0.797	0.125	hard
EMX2	Homeodomain	EMX1;Ubx;HOXC10;NKX1-1;LMX1B;HMX1;al;HOXD13	0.854	0.976	0.998	0.869	0.999	0.072	0.103	-1.216	hard
PHOX2B	Homeodomain	PHOX2A;BSX;SHOX;SHOX2;LMX1A;MNX1;VSX2;ALX3	0.902	0.996	1.0	0.834	0.873	0.0	2.921	0.228	hard
VSX2	Homeodomain	al;LMX1B;BSX;ALX3;SHOX;PHOX2B;PHOX2A;MIXL1	0.996	0.996	0.998	0.951	0.994	1.085	0.495	-0.001	hard
NKX6-3	Homeodomain	NKX1-1;Antp;POU6F1;EMX1;Ubx;EMX2;HOXA7;eve	0.995	0.952	0.986	0.903	0.961	0.347	1.692	-0.746	hard
ISL1	Homeodomain	NKX1-1;HMX1;SHOX;GBX1;SHOX2;HMX2;MSX2;MSX1	0.975	0.95	0.961	0.849	0.978	1.511	1.268	0.38	hard
POU3F3	Homeodomain	POU3F2;POU3F4;HOXA9;NKX6-1;MEIS1;POU4F1;POU1F1;BARHL2	0.857	0.939	0.999	0.756	0.932	0.054	2.064	-0.983	hard
SIX4	Homeodomain	IRX3;ONECUT1;ONECUT2;bcd;MEIS1;PITX2;PITX1;OTX1	0.554	0.59	0.66	0.54	0.876	3.061	3.539	-0.222	easy
DMBX1	Homeodomain	NKX1-1;GSC;PITX1;CRX;OTX1;PITX2;bcd;PAX7	0.995	0.988	0.994	0.973	0.992	0.196	0.196	0.186	hard
DLX6	Homeodomain	DLX5;en;GBX2;SHOX;EN1;SHOX2;DLX4;MSX1	0.997	0.996	0.998	0.993	0.997	0.151	0.319	-0.45	hard
MEOX1	Homeodomain	HOXB1;SHOX2;SHOX;MIXL1;ALX3;LMX1B;MNX1;al	0.997	0.992	0.994	0.967	0.988	0.452	1.019	0.817	hard
PHOX2A	Homeodomain	PHOX2B;BSX;SHOX;SHOX2;LMX1A;MNX1;VSX2;ALX3	0.982	0.996	1.0	0.954	0.996	0.0	1.132	-1.038	hard
ESX1	Homeodomain	SHOX2;SHOX;NKX6-2;LHX2;HESX1;LHX5;ISX;EN1	0.962	0.993	0.998	0.952	0.972	0.116	1.103	-1.123	hard
GSX2	Homeodomain	GSX1;HOXB5;MEOX1;HOXB2;HOXB1;NKX6-2;Ubx;MNX1	0.951	0.986	0.998	0.97	0.99	-0.16	0.862	-0.876	hard
PHO4	bHLH	MNT;MYC2;MLX;MLXIP;HEY1;BHLHE40;BHLHB2;ARNT2	0.998	0.998	0.999	0.966	0.998	0.222	0.294	0.024	hard
USF1	bHLH	MLXIPL;MYC2;MAX_MYC;MNT;MLXIP;MLX;BHLHE40;BHLHB2	0.816	0.997	0.999	0.81	0.902	0.463	2.65	-0.551	hard
MAX::MYC	bHLH	MNT;MLX;MLXIP;MLXIPL;MYC;ARNTL;MYC2;MAX_MYC	0.993	0.998	0.999	0.951	1.0	1.711	1.507	0.007	hard
MAX	bHLH	MAX::MYC;ARNTL;EPAS1;TCFL5;SREBF2;MYC;USF3;MAX_MYC	0.887	0.931	0.935	0.923	0.993	1.46	0.789	-0.891	moderate
Myod1	bHLH	MYOG;TCF4;MYF5;MYOD1;TWIST1;MYF6;ATOH7;TWIST2	0.989	0.978	0.996	0.861	0.997	0.51	0.24	-0.16	hard
MYOD1	bHLH	MYOG;TCF4;Myod1;MYF5;TWIST1;MYF6;ATOH7;TWIST2	0.994	0.979	0.995	0.87	0.997	0.207	0.455	-0.902	hard
MYC	bHLH	MAX_MYC;ARNTL;SREBF2;MAX::MYC;HES5;MNT;BHLHE40;BHLHB2	0.998	0.998	0.999	0.973	0.998	0.188	0.521	0.061	hard
NEUROD1	bHLH	FERD3L;NEUROG2;NEUROD2;TWIST2;BHLHA15;ATOH1;HAND2;ATOH7	0.979	0.947	0.983	0.785	0.817	0.072	1.22	0.57	hard
TAL1::TCF3	bHLH	ATOH7;TWIST2;FIGLA;TCF3;TCF12;ATOH8;MYF6;TWIST1	0.748	0.961	0.985	0.831	0.971	0.963	2.259	-1.838	hard
TCF3	bHLH	ATOH8;FIGLA;BHLHA9;TCF12;MESP1;MGA;ATOH7;TAL1::TCF3	0.998	0.982	0.998	0.898	0.999	0.248	1.092	0.53	hard
MITF	bHLH	EPAS1;MLXIPL;HES2;ARNTL;MYC;SREBF2;BHLHE40;BHLHB2	0.949	0.993	0.996	0.901	0.93	2.062	3.196	-0.094	hard
Mitf	bHLH	MITF;EPAS1;CLOCK;HES2;SREBF2;MXI1;BHLHE41;BHLHE40	0.979	0.978	0.985	0.92	0.964	1.057	1.482	-0.237	hard
ARNTL	bHLH	MYC;MAX_MYC;MAX::MYC;BHLHE40;BHLHB2;MNT;HES5;MLXIP	0.991	0.998	0.999	0.971	0.99	0.016	0.55	-0.315	hard
CLOCK	bHLH	HES2;EPAS1;ARNT2;BHLHE40;BHLHB2;HEY1;MLXIP;MLX	0.967	0.995	0.996	0.971	0.973	0.749	0.566	-0.792	hard
MYC2	bHLH	MLXIPL;SREBF1;PHO4;MAX::MYC;USF1;MAX_MYC;MNT;HES5	0.995	0.998	0.998	0.967	0.998	0.206	0.63	-1.296	hard
AHR	bHLH	AHRR;HES1;ARNT;NPAS4;EPAS1;MXD4;OLIG3;HEY1	0.993	0.836	0.975	0.771	0.976	1.98	1.61	0.495	hard
ARNT	bHLH	EPAS1;MXD4;CLOCK;HES2;BHLHE40;BHLHB2;ARNT2;ARNTL	0.994	0.976	0.986	0.837	0.997	0.807	0.514	-0.325	hard
TCF4	bHLH	MYOG;Myod1;MYF5;MYOD1;MYF6;TWIST1;ATOH1;TWIST2	0.792	0.98	0.994	0.73	0.857	0.663	2.299	-0.878	hard
NPAS2	bHLH	TFE3;Mitf;NPAS4;ARNT;CLOCK;HES2;SREBF2;MITF	0.702	0.935	0.951	0.652	0.802	1.619	2.152	-0.366	hard
BHLHE22	bHLH	BHLHE23;TAL1;ASCL2;USF2;TCF21;OLIG3;NEUROG1;ASCL1	0.707	0.979	0.999	0.752	0.994	0.216	0.724	-0.712	hard
HAND2	bHLH	NEUROG2;NEUROG1;NEUROD2;BHLHE23;BHLHE22;NEUROD1;HAND1;TCF21	0.682	0.912	0.938	0.592	0.749	1.266	2.294	-1.566	moderate
TCFL5	bHLH	SREBF2;MSC;TFEB;MYC;ARNTL;MLXIPL;MYC2;MAX::MYC	0.632	0.939	0.947	0.699	0.829	2.029	3.012	-0.62	moderate
TFE3	bHLH	EPAS1;CLOCK;HES2;ARNT2;BHLHE40;BHLHB2;MLXIPL;MLXIP	0.713	0.978	0.98	0.93	0.978	1.588	2.133	-0.698	hard
TWIST2	bHLH	ATOH7;TAL1::TCF3;MYF6;FERD3L;ATOH1;NEUROD1;MYOD1;MYF5	0.776	0.963	0.987	0.75	0.959	0.674	2.209	-0.728	hard
MYCN	bHLH	OLIG1;TCF3;ATOH8;FIGLA;BHLHA9;NHLH2;NHLH1;ATOH7	0.555	0.746	0.906	0.623	0.786	2.274	1.84	-0.856	moderate
NEUROG2	bHLH	FERD3L;NEUROD1;HAND2;NEUROD2;NEUROG1;ATOH1;TWIST2;BHLHA15	0.722	0.933	0.972	0.822	0.997	0.329	0.293	-1.521	hard
ATOH1	bHLH	TWIST2;MYF6;TCF4;MYOD1;Myod1;MYF5;ATOH7;NEUROD1	0.888	0.95	0.961	0.843	0.971	0.436	1.285	-1.033	hard
TFAP4	bHLH	SREBF1;USF1;TFEB;TFEC;MLXIPL;MDL-1;ARNTL;MYC2	0.68	0.981	0.983	0.541	0.582	1.615	4.267	1.609	hard
NHLH2	bHLH	NHLH1;HAND1;OLIG3;PTF1A;LYL1;BHLHE22;BHLHE23;NEUROG1	0.653	0.917	0.982	0.576	0.983	0.525	1.981	-0.87	hard
TFEB	bHLH	SREBF1;USF1;MLXIPL;MYC2;MDL-1;MAX_MYC;MNT;SREBF2	0.898	0.994	0.997	0.846	0.98	2.193	1.607	-0.867	hard
SREBF1	bHLH	MLXIPL;MYC2;TFEB;MNT;MAX_MYC;MLX;MLXIP;BHLHE40	0.818	0.997	0.999	0.841	0.912	0.462	1.647	-2.15	hard
NHLH1	bHLH	HAND1;NHLH2;OLIG3;BHLHE22;BHLHE23;PTF1A;TCF21;NEUROD2	0.405	0.931	0.988	0.623	0.983	0.852	1.794	-1.422	hard
MXI1	bHLH	MNT;HEY1;MLX;MLXIP;MYC;BHLHE40;BHLHB2;MAX_MYC	0.994	0.995	0.996	0.938	0.996	0.519	0.664	-0.283	hard
TCF21	bHLH	MSC;USF2;BHLHE23;TFEB;SREBF1;USF1;BHLHE22;MYC2	0.63	0.979	0.994	0.561	0.799	0.115	1.936	-1.021	hard
ATOH8	bHLH	TCF3;FIGLA;TCF12;BHLHA9;MESP1;MGA;ATOH7;TAL1::TCF3	0.821	0.979	0.998	0.8	0.919	0.608	1.808	-0.516	hard
NPAS4	bHLH	NPAS2;MXD4;Mitf;ARNT;EPAS1;AHR;MITF;CLOCK	0.999	0.851	0.943	0.803	0.909	1.411	1.567	1.149	moderate
HES6	bHLH	MNT;MLXIP;MLX;HEY1;MLXIPL;MYC;ARNTL;MYC2	0.997	0.998	0.999	0.906	0.99	2.318	2.031	1.709	hard
BHLHE40	bHLH	BHLHB2;MLXIP;MLX;ARNT2;MNT;HEY1;MAX_MYC;HES2	0.999	1.0	1.0	0.94	1.0	0.0	0.0	-0.022	hard
MLX	bHLH	MLXIP;BHLHE41;USF3;HES5;MNT;BHLHE40;BHLHB2;ARNT2	1.0	1.0	1.0	0.894	0.958	-0.002	1.052	-0.741	hard
OLIG2	bHLH	HAND2;NEUROG2;BHLHA15;ASCL1;NEUROD1;PTF1A;NEUROG1;FERD3L	0.67	0.821	0.852	0.814	0.962	2.583	1.201	-1.033	moderate
HEY2	bHLH	SOHLH2;MNT;MLXIP;MLX;MYC;ARNTL;MLXIPL;HES2	0.982	0.997	0.999	0.935	0.986	0.953	0.803	0.084	hard
USF2	bHLH	TCF21;BHLHE23;MSC;BHLHE22;SREBF1;TFEB;USF1;MITF	0.966	0.982	0.989	0.717	0.925	0.353	1.621	0.194	hard
HES2	bHLH	ARNT2;HEY1;BHLHE40;BHLHB2;MLXIP;MLX;MNT;EPAS1	0.99	0.998	0.999	0.915	0.971	1.29	0.81	-0.541	hard
HIF1A	bHLH	HIF3A;NPAS2;ARNT;MXD4;HEY1;HES6;EPAS1;HEY2	0.767	0.821	0.891	0.888	0.997	3.318	2.033	-0.798	moderate
MESP1	bHLH	MGA;ATOH8;TCF3;FIGLA;TCF12;BHLHA9;ATOH7;TAL1::TCF3	0.982	0.96	0.983	0.878	0.994	3.494	1.195	-2.846	hard
OLIG3	bHLH	ASCL2;HAND1;BHLHE22;BHLHE23;NHLH2;LYL1;NHLH1;NEUROG1	0.674	0.968	0.974	0.689	0.994	1.958	1.259	-1.354	hard
MGA	bHLH	MESP1;TCF3;ATOH8;BHLHA9;FIGLA;TCF12;ATOH7;TFAP4	0.992	0.944	0.983	0.805	0.998	2.69	-1.04	1.757	hard
MESP2	bHLH	NEUROD1;NEUROD2;HES7;ASCL2;FERD3L;TAL1;PTF1A;AHRR	0.991	0.796	0.822	0.666	0.933	3.483	3.696	0.463	easy
NEUROD2	bHLH	NEUROD1;MSC;BHLHE23;TCF21;BHLHE22;NEUROG2;TWIST2;USF2	0.774	0.939	0.962	0.834	0.976	0.364	0.769	-1.207	hard
HES5	bHLH	MLXIP;MLX;MNT;MLXIPL;HEY1;MYC;ARNTL;MYC2	0.942	0.999	1.0	0.927	0.99	2.011	0.998	0.097	hard
MSC	bHLH	TCF21;TFEB;SREBF1;USF1;USF2;MYC2;MDL-1;MLXIPL	0.748	0.985	0.994	0.615	0.799	0.38	2.267	-0.726	hard
MDL-1	bHLH	MLXIPL;MNT;MAX_MYC;MLXIP;MLX;MYC;MYC2;BHLHE40	0.997	0.997	0.998	0.971	0.997	0.612	1.017	-0.638	hard
HES7	bHLH	MESP2;USF3;HEY2;NPAS2;HES5;HIF1A;ARNT2;HES2	0.604	0.741	0.81	0.86	0.985	3.468	3.836	-0.991	easy
EPAS1	bHLH	HES2;MITF;CLOCK;BHLHE40;BHLHB2;ARNT2;BHLHE41;HES5	1.0	0.996	0.997	0.965	0.99	1.077	2.602	0.873	hard
BHLHA15	bHLH	FERD3L;NEUROD1;ATOH1;NEUROG2;ATOH7;TWIST2;TWIST1;NEUROD2	0.8	0.909	0.96	0.847	0.992	1.226	0.946	-0.076	hard
ATOH7	bHLH	TWIST1;TWIST2;TAL1::TCF3;TCF12;FIGLA;MYF6;TCF3;ATOH8	0.716	0.977	0.99	0.767	0.959	0.727	1.878	-1.249	hard
MSGN1	bHLH	NEUROG1;ASCL2;LYL1;TAL1;BHLHE22;BHLHE23;OLIG3;PTF1A	0.676	0.965	0.985	0.754	0.901	0.542	2.459	0.676	hard
MYF6	bHLH	TWIST1;TCF4;MYOG;MYOD1;Myod1;MYF5;ATOH7;TWIST2	0.963	0.98	0.993	0.839	0.954	0.982	2.062	-1.096	hard
HES1	bHLH	AHR;MXD4;TFE3;EPAS1;CLOCK;BHLHE22;OLIG3;NPAS2	0.935	0.814	0.917	0.777	0.96	1.93	0.914	0.081	moderate
NEUROG1	bHLH	ASCL2;MSGN1;LYL1;TAL1;BHLHE22;BHLHE23;OLIG3;NEUROG2	0.697	0.967	0.986	0.84	0.997	0.715	0.595	-0.325	hard
FOS	bZIP	NFE2L1;JUND;BACH1;NFE2L2;JDP2;FOSL1;BATF;MAFG	0.993	0.99	0.994	0.858	0.998	0.893	1.202	0.197	hard
CREB1	bZIP	JUND;BATF;FOS;CEBPA;GCN4;FOSL2;NRL;TEF	0.637	0.738	0.787	0.636	0.976	4.582	3.726	-0.855	easy
FOS::JUN	bZIP	BATF;JDP2;BATF3;BACH1;FOS;NFE2L1;FOSB;ATF6	0.993	0.981	0.987	0.977	0.996	3.459	3.628	3.149	hard
CEBPB	bZIP	CEBPE;CEBPA;CEBPD;CEBPG;HLF;NFE2L2;DBP;TEF	0.996	0.785	0.987	0.772	1.0	0.739	0.167	0.063	hard
skn-1	bZIP	FOS::JUN;FOSB;Mafb;MAFF;BATF2;BACH2;MAFB;NRL	0.998	0.82	0.96	0.718	0.971	2.91	3.295	2.243	hard
ATF2	bZIP	XBP1;BATF3;CREB3L3;CREB3L4;FOSB;CREB1;JUNB;skn-1	0.68	0.697	0.719	0.737	0.886	3.724	2.121	-1.448	easy
GCN4	bZIP	MAFK;NFIL3;BATF2;BATF;CREB1;TEF;HLF;DBP	0.419	0.698	0.798	0.609	0.855	3.031	2.72	-0.886	easy
MAFB	bZIP	MAF;NFE2L1;MAFF;MAFG;NRL;MAFA;Mafb;BACH1	0.996	0.99	0.997	0.992	0.998	2.201	1.253	0.765	hard
MAFG	bZIP	MAFB;MAFF;FOS;MAFA;JUND;Mafb;MAF;NRL	0.991	0.979	0.995	0.953	0.995	0.586	0.406	-0.638	hard
Mafb	bZIP	MAFB;MAFG;MAF;MAFA;BATF3;BATF;MAFF;FOS	0.979	0.963	0.985	0.949	0.986	2.375	2.564	-0.237	hard
MAFA	bZIP	MAFB;MAFG;MAFF;FOS;Mafb;JUND;MAF;NRL	0.986	0.969	0.989	0.935	0.985	0.852	1.705	0.545	hard
JUN	bZIP	ATF6B;CREB3L4;CREB3;FOSB;CREB3L2;CREB3L1;CEBPA;FOS::JUN	0.607	0.728	0.811	0.66	0.991	3.558	1.761	0.233	easy
JUND	bZIP	NFE2L1;BACH1;NFE2L2;JDP2;FOSL1;BATF;FOS;MAFG	0.999	0.994	0.999	0.793	0.998	1.48	1.007	-1.088	hard
JDP2	bZIP	JUND;NFE2L2;FOS;BATF;FOS::JUN;NFE2;BACH1;FOSL1	0.628	0.971	0.997	0.68	0.984	0.886	2.651	-0.088	hard
CREB3L2	bZIP	CREB3L1;CREB3L4;ATF6B;CREB3;CREB3L3;XBP1;CREBZF;JUN	0.982	0.888	0.999	0.808	0.974	0.39	1.377	-1.467	hard
JUNB	bZIP	CG18619;BATF3;FOS::JUN;ATF6;MAFF;Mafb;CREM;JUN_JUNB	0.577	0.951	0.99	0.725	0.992	0.631	1.001	-1.122	hard
FOSL2	bZIP	NRL;ATF3;Mafb;MAFF;FOS::JUN;CREM;CREB1;BATF3	0.52	0.814	0.963	0.782	0.966	0.971	2.146	-1.849	hard
MAFF	bZIP	MAFB;MAFG;MAF;BATF3;FOS;BATF;JUND;MAFA	0.932	0.982	0.995	0.907	0.997	3.381	0.452	-2.053	hard
NFIL3	bZIP	MAFK;BATF2;CREM;NFE2L2;GCN4;HLF;JUN_JUNB;TEF	0.627	0.795	0.967	0.69	0.963	1.984	0.99	-0.881	hard
CG18619	bZIP	JUNB;BATF3;FOS::JUN;ATF6;JUN_JUNB;HLF;CREM;DBP	0.997	0.916	0.99	0.83	0.962	1.432	1.751	1.062	hard
ATF3	bZIP	FOSL2;FOSL1;JUND;BATF;FOS;BACH1;NFE2L2;NFE2L1	0.583	0.832	0.916	0.639	0.726	1.308	3.888	-1.426	moderate
CREB3L4	bZIP	CREB3L2;CREB3L1;ATF6B;CREB3;MAFF;FOS::JUN;Mafb;CREB3L3	0.995	0.954	0.997	0.856	0.991	1.331	0.258	-1.202	hard
CREM	bZIP	JUN_JUNB;FOS::JUN;JUNB;CG18619;BATF3;CREBZF;NFIL3;ATF6	0.925	0.887	0.971	0.806	0.988	2.403	1.94	-1.367	hard
ATF6	bZIP	BATF3;FOS::JUN;JUNB;CG18619;CREM;JUN_JUNB;CREB3L3;FOSB	0.973	0.89	0.996	0.716	0.988	1.359	1.061	0.067	hard
XBP1	bZIP	MAFF;FOS::JUN;Mafb;CREB3L4;ATF6B;CREB3;CREB3L2;CREB3L1	0.942	0.85	0.907	0.868	0.98	2.335	1.208	0.366	moderate
FOSL1	bZIP	JUND;FOS;BATF;NFE2L2;JDP2;BACH1;FOS::JUN;NFE2	0.622	0.926	0.995	0.761	0.979	1.227	3.08	-1.85	hard
CREB3	bZIP	CREB3L2;CREB3L4;CREB3L1;ATF6B;FOS::JUN;CREB3L3;XBP1;FOS	0.966	0.92	0.983	0.901	0.991	2.246	0.47	-1.1	hard
ATF6B	bZIP	CREB3L2;CREB3L1;CREB3L4;CREB3;FOS::JUN;XBP1;CREB3L3;JUN	0.994	0.914	0.995	0.894	0.995	2.243	1.414	-0.172	hard
MAF	bZIP	MAFB;MAFF;Mafb;NRL;MAFG;MAFA;FOS;JUND	0.945	0.957	0.997	0.924	0.997	1.252	2.096	-0.858	hard
CREBZF	bZIP	CREM;CREB3L3;CG18619;DBP;HLF;CREB3L2;CREB3L1;TEF	0.996	0.79	0.839	0.678	0.75	2.559	3.572	1.868	easy
HLF	bZIP	DBP;TEF;CG18619;BATF2;JUN_JUNB;JUNB;CREM;CREBZF	0.972	0.872	0.995	0.756	0.986	1.021	0.603	-2.32	hard
ATF4	bZIP	BACH2;CEBPG;FOS::JUN;CEBPA;MAFB;JUN_JUNB;NFE2L2;ATF2	0.945	0.757	0.86	0.757	0.942	1.925	1.603	-0.089	moderate
BATF	bZIP	JUND;NFE2L2;JDP2;FOS::JUN;FOS;NFE2;MAFF;FOSL1	0.653	0.982	0.993	0.76	0.949	3.545	2.223	-1.057	hard
CEBPG	bZIP	BATF2;CEBPA;ATF4;NFE2L2;CEBPE;MAFK;CEBPB;TEF	0.891	0.852	0.966	0.669	0.938	0.718	1.116	0.16	hard
BACH2	bZIP	BACH1;ATF4;FOS::JUN;MAFG;MAFA;NFE2L2;MAFK;MAFB	0.801	0.836	0.9	0.712	0.963	4.584	4.355	0.134	moderate
CREB3L1	bZIP	CREB3L2;CREB3L4;ATF6B;CREB3;CREB3L3;XBP1;CREBZF;JUN	0.993	0.884	0.999	0.888	0.995	0.284	4.602	-0.508	hard
NFE2	bZIP	JDP2;BATF;FOS::JUN;JUND;FOS;NFE2L2;BACH1;FOSL1	0.994	0.946	0.981	0.91	0.954	0.8	2.218	-0.252	hard
CEBPE	bZIP	CEBPB;CEBPA;CEBPG;CEBPD;CREB3L3;DBP;HLF;TEF	0.985	0.814	0.987	0.759	1.0	0.927	0.204	-0.977	hard
BACH1	bZIP	JUND;FOS;NFE2L1;FOS::JUN;MAFB;JDP2;NFE2L2;BACH2	0.98	0.96	0.998	0.894	0.997	1.668	1.352	-0.618	hard
BATF3	bZIP	ATF6;MAFF;FOS::JUN;JUNB;Mafb;CG18619;NRL;CREM	0.496	0.951	0.996	0.839	0.992	0.903	1.671	-0.316	hard
NRL	bZIP	MAFB;MAF;FOSL2;MAFG;MAFA;BATF3;BATF;FOS	0.935	0.936	0.993	0.924	0.984	4.043	1.421	-0.589	hard
MAFK	bZIP	MAFB;NFIL3;MAFF;NRL;Mafb;MAF;BACH2;CEBPG	0.824	0.872	0.968	0.796	0.995	2.782	1.307	-0.435	hard
FOSB	bZIP	FOS::JUN;skn-1;NFE2L1;BACH1;JDP2;NFE2L2;JUN_JUNB;JUND	0.787	0.867	0.977	0.818	0.995	2.158	1.183	0.281	hard
ATF1	bZIP	JUND;FOS;ATF3;FOSL1;BATF;FOSL2;CREB3L2;CREB3L1	0.457	0.73	0.787	0.644	0.826	3.093	2.563	-1.196	easy
NFE2L1	bZIP	JUND;MAFB;FOS;BACH1;FOS::JUN;NFE2L2;JDP2;MAFG	0.996	0.944	0.999	0.91	0.998	2.097	1.229	0.419	hard
CEBPD	bZIP	CEBPA;CEBPB;CEBPE;CEBPG;CREB3L3;NRL;MAF;NFIL3	0.813	0.728	0.862	0.721	0.965	2.29	0.911	-0.651	moderate
CEBPA	bZIP	CEBPG;CEBPE;CEBPB;CEBPD;BATF2;ATF4;CREB1;TEF	0.978	0.834	0.95	0.773	0.965	0.769	0.472	0.534	hard
JUN_JUNB	bZIP	FOS::JUN;CREM;JUNB;CG18619;BATF3;HLF;FOSB;ATF6	0.884	0.89	0.976	0.754	0.99	1.587	1.013	-0.654	hard
DBP	bZIP	HLF;TEF;CG18619;BATF2;JUN_JUNB;JUNB;NFE2L2;CREBZF	0.962	0.862	0.995	0.745	0.986	0.978	0.36	-0.498	hard
CREB3L3	bZIP	CREB3;CREB3L4;CREB3L2;ATF6B;CREB3L1;ATF6;BATF3;CREBZF	0.81	0.826	0.858	0.815	0.993	2.296	1.377	-0.862	moderate
BATF2	bZIP	CEBPG;TEF;HLF;NFE2L2;NFIL3;DBP;CEBPA;JUN_JUNB	0.462	0.855	0.966	0.638	0.981	3.293	1.876	-0.099	hard
NFE2L2	bZIP	JUND;JDP2;BATF;FOS;FOS::JUN;NFE2;BACH1;FOSL1	0.739	0.964	0.997	0.837	0.98	2.493	2.553	-1.691	hard
TEF	bZIP	HLF;DBP;BATF2;CG18619;JUN_JUNB;JUNB;CEBPG;NFE2L2	0.984	0.852	0.986	0.728	0.983	0.666	1.629	-0.307	hard
ATF5	bZIP	skn-1;CREB3L3;ATF6;CREB1;NRL;ATF2;CREM;HLF	0.98	0.609	0.667	0.564	0.771	5.1	5.466	1.246	easy
GABPA	ETS	ELF1;ELF2;ELF4;ETV1;EHF;ELK1;ELK4;FEV	0.995	0.994	0.999	0.931	0.988	0.067	0.534	-0.69	hard
ELK4	ETS	ETV1;ERG;FEV;ERF;GABPA;ELK1;ELF2;ETV5	0.997	0.991	0.996	0.986	0.994	0.223	0.919	0.275	hard
Spi1	ETS	SPI1;ETV6;ETV3;ETV1;SPIC;ETV4;ELK4;GABPA	0.704	0.891	0.996	0.832	0.994	0.204	0.803	-1.591	hard
SPI1	ETS	Spi1;ETV6;ETV3;ETV1;SPIC;ETV4;ELF5;ELK4	0.694	0.897	0.996	0.831	0.994	0.202	1.445	-1.169	hard
SPDEF	ETS	ELK3;ELF4;ELF2;EHF;ETV5;ELK4;ELK1;ELF1	0.997	0.82	0.84	0.777	0.841	2.431	1.861	1.504	easy
ELF3	ETS	ETV6;ETS1;ELF5;FLI1;ETS2;EWSR1-FLI1;EHF;ELF1	0.996	0.878	0.985	0.917	0.991	1.368	1.106	0.646	hard
ETS1	ETS	ETV6;FLI1;EWSR1-FLI1;ELF5;ELF3;EHF;ETS2;ELF1	0.988	0.947	0.968	0.919	0.971	1.317	0.645	-0.414	hard
FEV	ETS	ETV5;ERF;ETV1;ELK4;ERG;ELK1;GABPA;ELF1	0.998	0.993	0.998	0.961	0.996	0.138	0.669	0.426	hard
ETV1	ETS	ELF2;ELK1;FEV;GABPA;ELK4;ELF1;ELF4;ETV5	0.995	0.996	0.998	0.959	0.986	0.762	0.615	-0.311	hard
ETS2	ETS	ETS1;ETV6;ELF1;EWSR1-FLI1;ETV1;FLI1;GABPA;ELK3	0.827	0.882	0.929	0.877	0.972	1.529	1.073	-0.947	moderate
ERG	ETS	ELK4;ERF;FEV;ETV6;ETV1;ETV5;ELK1;GABPA	0.986	0.987	0.993	0.975	0.987	0.264	0.835	-0.079	hard
ETV6	ETS	ERG;ETV4;ELF3;SPI1;Spi1;ELK4;ERF;ETS1	0.996	0.982	0.989	0.974	0.991	4.021	3.716	2.85	hard
ETV5	ETS	FEV;ETV1;ERF;ELK1;GABPA;ELF1;ERG;ELK4	0.998	0.991	0.998	0.959	0.996	0.289	0.29	0.04	hard
FLI1	ETS	EWSR1-FLI1;ETS1;ETV6;ETS2;ELF3;ELF1;GABPA;ELF5	0.978	0.878	0.975	0.889	0.994	0.8	1.686	0.55	hard
ERF	ETS	FEV;ETV5;ETV1;ERG;ELK4;GABPA;ELK1;ELF1	0.994	0.991	0.998	0.963	0.994	0.59	0.684	0.202	hard
ELF2	ETS	ETV1;ELF1;ELF4;GABPA;EHF;ELK4;ETV6;ETV4	0.987	0.984	0.998	0.936	0.994	0.469	0.712	-0.004	hard
EHF	ETS	ELF1;ELF4;ELF2;GABPA;ETV1;ELK4;ETV6;ETS1	0.817	0.98	0.997	0.838	0.944	0.488	2.126	-1.826	hard
ELK3	ETS	ERG;ELK4;ETV1;ETV5;ERF;FEV;GABPA;ELF1	0.936	0.942	0.957	0.964	0.995	1.068	0.245	-0.436	hard
SPIB	ETS	Spi1;SPI1;SPIC;ELK3;ETV3;ETV1;ETS1;ERG	0.419	0.549	0.657	0.885	0.946	3.673	1.617	-2.14	easy
ELK1	ETS	ETV1;ETV5;GABPA;ELF1;FEV;ELK4;ERF;ERG	0.952	0.989	0.997	0.941	0.985	0.96	4.077	-1.726	hard
ELF5	ETS	ETV6;ETS1;ELF3;ETV3;ELF1;GABPA;ETV1;EHF	0.936	0.91	0.953	0.923	0.968	2.374	0.936	-0.452	hard
ETV4	ETS	ETV1;ETV6;ELK4;GABPA;ELF1;ERG;FEV;ELK1	0.944	0.968	0.994	0.952	0.986	0.965	0.527	-0.824	hard
ETV7	ETS	ETV3;ETS2;ERF;ETV2;SPDEF;FEV;GABPA;ELF4	0.523	0.637	0.815	0.933	0.976	3.946	2.833	-0.168	easy
ETV2	ETS	ETV5;ERF;ETS2;FEV;ELK1;ELF1;ETV6;ERG	0.579	0.657	0.67	0.929	0.973	3.015	0.926	-1.143	easy
ETV3	ETS	ETV6;ETV4;ETV1;GABPA;SPI1;ELF1;SPIC;ELK4	0.868	0.919	0.942	0.901	0.988	1.544	1.066	-0.416	moderate
ELF4	ETS	ELF2;ELF1;GABPA;ETV1;EHF;ELK4;ELK1;ETV6	0.996	0.982	0.998	0.92	0.982	0.244	1.294	-1.087	hard
ELF1	ETS	GABPA;ELF2;ELF4;EHF;ETV1;ELK1;FEV;ETV5	0.873	0.994	0.999	0.852	0.933	0.28	1.451	0.336	hard
EWSR1-FLI1	ETS	FLI1;ETS1;ETV6;ETS2;ELF1;GABPA;ELF3;ETV1	0.992	0.886	0.975	0.859	0.994	1.951	-0.93	-0.033	hard
SPIC	ETS	ETV3;ETV1;SPI1;ETV6;ETV4;Spi1;ELK4;GABPA	0.636	0.849	0.913	0.849	0.93	2.312	3.609	0.332	moderate
FOXA3	Forkhead	FOXO4;FOXQ1;FOXK2;FOXO3;FOXN3;FOXA1;FOXC1;FOXP2	0.982	0.98	0.987	0.948	0.988	1.78	3.542	-0.019	hard
FOXP2	Forkhead	FOXO4;FOXG1;FOXO3;FOXN3;FOXK2;FOXL2;FOXA2;FOXL1	0.999	0.994	0.997	0.988	0.994	5.144	2.307	3.731	hard
FOXK2	Forkhead	FOXG1;FOXA2;FOXO3;FOXO4;FOXN3;FOXP2;FOXF1;FOXQ1	0.999	0.994	0.996	0.979	0.994	0.569	0.441	0.068	hard
Foxd3	Forkhead	FOXD3;FOXD2;FOXD1;FOXP2;FOXM1;FOXA1;FOXJ1;FOXF2	0.922	0.962	0.999	0.897	0.975	0.17	2.391	-0.272	hard
FOXO3	Forkhead	FOXN3;FOXP2;FOXK2;FOXA2;FOXG1;FOXO4;FOXH1;FOXQ1	0.976	0.993	0.999	0.918	0.994	0.47	0.61	-0.517	hard
FOXO1	Forkhead	FOXP2;FOXH1;FOXN3;FOXG1;FOXO3;FOXL2;FOXO4;FOXK2	0.983	0.949	0.97	0.876	0.99	1.709	1.725	0.228	hard
FOXM1	Forkhead	FOXP2;FOXL2;FOXQ1;FOXD3;Foxd3;FOXJ1;FOXC2;FOXD2	0.995	0.948	0.974	0.892	0.979	0.717	1.197	0.588	hard
FOXO4	Forkhead	FOXP2;FOXA2;FOXK2;FOXC1;FOXG1;FOXL1;FOXO3;FOXN3	0.998	0.993	0.997	0.973	0.994	0.876	1.343	0.651	hard
FOXA2	Forkhead	FOXK2;FOXO4;FOXO3;FOXN3;FOXQ1;FOXP2;FOXG1;FOXL1	0.976	0.991	0.995	0.955	0.991	0.735	1.885	0.639	hard
FOXC2	Forkhead	FOXC1;FOXQ1;FOXO4;FOXP2;FOXK2;FOXG1;FOXL2;FOXL1	0.99	0.983	0.997	0.945	0.99	0.35	2.319	-0.962	hard
FOXN3	Forkhead	FOXO3;FOXP2;FOXA2;FOXK2;FOXG1;FOXH1;FOXO4;FOXQ1	1.0	0.993	0.999	0.912	0.993	0.227	0.65	0.65	hard
FOXG1	Forkhead	FOXP2;FOXK2;FOXO4;FOXN3;FOXO3;FOXF1;FOXQ1;FOXH1	0.963	0.992	0.996	0.931	0.992	0.546	0.224	0.355	hard
FOXP1	Forkhead	FOXP2;FOXK1;FOXJ2;FOXI1;FOXQ1;FOXR2;FOXM1;FOXJ3	0.508	0.642	0.755	0.882	0.99	2.274	2.794	-1.0	easy
FOXC1	Forkhead	FOXC2;FOXO4;FOXQ1;FOXK2;FOXP2;FOXG1;FOXL1;FOXL2	0.936	0.988	0.997	0.853	0.931	0.143	1.896	-1.132	hard
FOXJ2	Forkhead	FOXQ1;FOXK1;FOXP2;FOXJ3;FOXF2;FOXG1;FOXK2;FOXF1	0.934	0.944	0.968	0.976	0.988	1.415	2.287	-0.981	hard
FOXA1	Forkhead	FOXQ1;FOXO4;FOXA3;FOXO3;FOXN3;FOXK2;FOXP2;FOXC1	0.953	0.974	0.982	0.957	0.992	0.858	1.337	-0.188	hard
FOXK1	Forkhead	FOXJ2;FOXJ3;FOXQ1;FOXF2;FOXF1;FOXP2;FOXG1;FOXJ1	0.895	0.939	0.968	0.948	0.979	2.009	0.786	-0.962	hard
FOXJ1	Forkhead	FOXQ1;FOXP2;FOXC2;FOXF2;FOXF1;FOXM1;FOXG1;FOXD3	0.963	0.955	0.995	0.952	0.997	0.635	2.758	-2.093	hard
FOXF1	Forkhead	FOXQ1;FOXF2;FOXG1;FOXK2;FOXO4;FOXP2;FOXO3;FOXN3	0.971	0.988	0.996	0.963	0.993	0.342	0.449	-0.418	hard
FOXR1	Forkhead	FOXA1;FOXI1;FOXA3;FOXO6;FOXF1;FOXQ1;FOXJ3;FOXK1	0.787	0.923	0.946	0.79	0.952	0.754	2.833	-0.922	moderate
FOXI1	Forkhead	FOXP2;FOXR1;FOXO6;FOXC1;FOXL2;FOXC2;FOXO1;FOXG1	0.875	0.938	0.986	0.835	0.944	0.725	2.535	-1.35	hard
FOXO6	Forkhead	FOXA1;FOXA3;FOXO3;FOXN3;FOXG1;FOXP2;FOXH1;FOXK2	0.947	0.946	0.956	0.933	0.998	2.398	0.757	-1.026	hard
FOXB1	Forkhead	FOXJ1;FOXQ1;FOXM1;FOXD2;FOXD1;FOXD3;Foxd3;FOXR2	0.799	0.838	0.872	0.671	0.8	2.91	1.373	-1.024	moderate
FOXD2	Forkhead	FOXD1;FOXD3;Foxd3;FOXP2;FOXA1;FOXM1;FOXJ1;FOXF2	0.772	0.958	1.0	0.747	0.825	0.0	3.824	-1.921	hard
FOXL1	Forkhead	FOXO4;FOXP2;FOXO3;FOXC1;FOXN3;FOXK2;FOXA2;FOXQ1	0.902	0.983	0.992	0.894	0.966	0.637	0.535	-1.873	hard
FOXR2	Forkhead	FOXB1;FOXN2;FOXA1;FOXA3;FOXL1;FOXC1;FOXA2;FOXC2	0.574	0.716	0.796	0.688	0.838	2.283	3.9	-1.646	easy
FOXL2	Forkhead	FOXP2;FOXQ1;FOXO4;FOXC1;FOXK2;FOXO3;FOXN3;FOXG1	0.892	0.983	0.993	0.916	0.983	0.468	0.802	-0.814	hard
FOXH1	Forkhead	FOXN3;FOXO3;FOXG1;FOXK2;FOXA2;FOXO4;FOXP2;FOXQ1	0.543	0.982	0.992	0.567	0.664	0.835	3.76	-0.114	hard
FOXN2	Forkhead	FOXN3;FOXO4;FOXO3;FOXG1;FOXA2;FOXL1;FOXK2;FOXC1	0.355	0.951	0.956	0.313	0.425	1.485	7.501	-1.486	hard
FOXD3	Forkhead	Foxd3;FOXD2;FOXD1;FOXP2;FOXM1;FOXA1;FOXJ1;FOXF2	0.899	0.964	0.999	0.86	0.943	0.085	0.596	-0.827	hard
FOXJ3	Forkhead	FOXF1;FOXG1;FOXK2;FOXQ1;FOXF2;FOXO3;FOXN3;FOXP2	0.887	0.96	0.972	0.973	0.997	1.571	1.943	-1.2	hard
FOXE1	Forkhead	FOXD3;FOXD2;FOXD1;Foxd3;FOXJ1;FOXC2;FOXC1;FOXA1	0.751	0.887	0.906	0.872	0.99	1.737	1.387	-1.116	moderate
FOXD1	Forkhead	FOXD2;FOXD3;Foxd3;FOXP2;FOXA1;FOXM1;FOXJ1;FOXF2	0.897	0.958	1.0	0.917	0.993	0.0	1.963	-0.372	hard
FOXF2	Forkhead	FOXF1;FOXQ1;FOXG1;FOXK2;FOXP2;FOXO4;FOXC2;FOXC1	0.884	0.979	0.994	0.931	0.997	0.301	1.031	-1.188	hard
FOXQ1	Forkhead	FOXF1;FOXJ1;FOXF2;FOXA2;FOXL2;FOXK2;FOXC2;FOXC1	0.95	0.993	0.996	0.888	0.964	2.107	2.748	-2.487	hard
NR1D1	Nuclear_Receptor	PPARG::RXRA;ESR1;THRB;RXRA;RXRA::VDR;NR1H2::RXRA;HNF4A;NR4A1	0.976	0.949	0.995	0.932	0.991	2.138	4.202	0.393	hard
PPARG::RXRA	Nuclear_Receptor	NR4A1;NR1D1;NR1H2::RXRA;RXRA;ESR1;HNF4A;THRB;RXRA::VDR	0.998	0.954	0.997	0.958	0.989	-0.138	2.243	-0.117	hard
ESR1	Nuclear_Receptor	NR1D1;RXRA;PPARG::RXRA;NR1H2::RXRA;HNF4A;NR4A1;THRB;NR5A2	0.92	0.944	0.992	0.959	0.991	-1.419	2.536	-1.472	hard
VDR	Nuclear_Receptor	EcR::usp;HNF4A;RXRA;ESR1;PGR;PPARG::RXRA;THRB;NR1H2::RXRA	0.997	0.757	0.948	0.755	0.913	3.829	3.133	2.136	moderate
EcR::usp	Nuclear_Receptor	VDR;RXRA;NR1H2::RXRA;PPARG::RXRA;HNF4A;NR4A1;THRB;NR1D1	0.979	0.867	0.948	0.842	0.913	1.048	3.945	-0.59	moderate
NR5A2	Nuclear_Receptor	NR1H2::RXRA;RXRA::VDR;PPARG::RXRA;ESR1;THRB;RXRA;NR1D1;EcR::usp	0.577	0.768	0.809	0.824	0.943	3.866	3.863	-0.39	easy
PGR	Nuclear_Receptor	NR3C2;NR3C1;VDR;HNF4A;EcR::usp;THRB;RXRA;NR4A1	0.982	0.698	0.909	0.668	0.958	0.112	0.482	-0.204	moderate
NR5A1	Nuclear_Receptor	NR4A2;RXRA;NR4A1;PPARG::RXRA;NR1H2::RXRA;HNF4A;NR3C1;NR5A2	0.676	0.637	0.686	0.811	0.994	2.893	1.061	-1.335	easy
THRB	Nuclear_Receptor	NR1D1;ESR1;RXRA;NR1H2::RXRA;PPARG::RXRA;HNF4A;NR4A1;EcR::usp	0.983	0.91	0.986	0.955	0.993	-1.194	4.36	-1.54	hard
HNF4A	Nuclear_Receptor	NR4A1;NR1H2::RXRA;ESR1;PPARG::RXRA;NR1D1;THRB;NR3C1;EcR::usp	0.993	0.926	0.997	0.877	0.976	2.37	2.699	-0.339	hard
RXRA::VDR	Nuclear_Receptor	NR1D1;RXRA;PPARG::RXRA;NR1H2::RXRA;HNF4A;NR4A1;THRB;NR5A2	0.933	0.867	0.957	0.882	0.968	1.328	2.741	0.022	hard
NR3C2	Nuclear_Receptor	PGR;NR3C1;VDR;ESR1;NR1D1;RXRA;THRB;PPARG::RXRA	0.974	0.651	0.909	0.658	0.932	0.844	1.683	0.25	moderate
NR3C1	Nuclear_Receptor	HNF4A;NR3C2;PGR;THRB;RXRA::VDR;RXRA;NR1D1;NR4A1	0.734	0.714	0.888	0.678	0.958	1.397	0.776	-0.701	moderate
NR4A2	Nuclear_Receptor	NR5A1;NR5A2;NR4A1;PPARG::RXRA;HNF4A;NR1H2::RXRA;RXRA;RXRA::VDR	0.462	0.572	0.686	0.94	0.994	2.378	1.29	-1.239	easy
NR4A1	Nuclear_Receptor	PPARG::RXRA;HNF4A;NR1H2::RXRA;RXRA;ESR1;NR1D1;THRB;EcR::usp	0.991	0.944	0.997	0.94	0.992	3.161	2.9	0.788	hard
NR1H2::RXRA	Nuclear_Receptor	NR4A1;RXRA;PPARG::RXRA;HNF4A;ESR1;THRB;NR1D1;RXRA::VDR	0.999	0.954	0.997	0.952	0.993	0.578	1.269	0.64	hard
RXRA	Nuclear_Receptor	NR1H2::RXRA;ESR1;PPARG::RXRA;NR4A1;NR1D1;THRB;RXRA::VDR;EcR::usp	0.95	0.946	0.992	0.926	0.967	0.291	2.044	-0.917	hard
EGR1	C2H2_short	Egr1;KLF12;KLF1;KLF7;KLF6;KLF3;EGR2;ZNF225	0.951	0.977	0.995	0.849	0.997	0.219	1.242	-0.797	hard
Egr1	C2H2_short	EGR1;KLF1;KLF6;KLF12;KLF7;KLF3;KLF2;EGR2	0.975	0.983	0.995	0.948	0.994	0.448	1.882	-1.071	hard
Trl	C2H2_short	KLF14;KLF16;SP2;KLF11;Sp1;SP1;KLF15;KLF13	0.563	0.891	0.922	0.532	0.661	4.972	5.055	0.752	moderate
ttk	C2H2_short	ZBTB8A;KLF8;ZBTB8B;KLF17;KLF9;KLF10;ZNF367;KLF12	0.728	0.866	0.958	0.414	0.534	3.615	4.661	-0.211	hard
KLF4	C2H2_short	Klf4;DPF1;KLF5;KLF14;ZBTB22;KLF1;KLF8;KLF2	0.988	0.935	0.99	0.881	0.979	0.381	1.052	-0.176	hard
Klf4	C2H2_short	KLF4;KLF5;KLF2;DPF1;ZBTB43;KLF1;KLF14;KLF3	0.982	0.944	0.99	0.928	0.987	0.39	0.644	0.396	hard
ZBTB33	C2H2_short	EGR4;EGR3;Sp1;SP1;KLF17;KLF7;KLF14;SP5	0.996	0.68	0.744	0.505	0.613	4.596	4.841	4.176	easy
SP2	C2H2_short	KLF10;Sp1;SP1;KLF16;ZNF740;KLF13;KLF14;KLF15	0.805	0.967	0.983	0.836	0.971	0.386	2.028	-1.954	hard
KLF14	C2H2_short	ZNF740;SP2;KLF1;KLF4;Klf4;KLF5;Trl;KLF2	0.892	0.935	0.957	0.815	0.992	1.131	2.094	0.486	hard
ZNF367	C2H2_short	ZBTB8A;KLF12;KLF8;SP3;SP4;KLF17;KLF3;SP5	0.997	0.848	0.913	0.616	0.872	5.662	5.08	2.511	moderate
EGR2	C2H2_short	EGR3;EGR4;KLF3;KLF6;ZNF225;KLF2;Egr1;EGR1	0.991	0.984	0.996	0.864	0.986	0.436	0.777	0.265	hard
ZNF174	C2H2_short	ZBTB37;ZBTB43;ZBTB8A;ZBTB3;KLF7;EGR3;EGR2;EGR4	0.961	0.708	0.876	0.683	0.877	4.874	5.508	3.923	moderate
SLC2A4RG	C2H2_short	ZNF395;ZNF704;SP3;ZBTB8A;KLF17;ZBTB8B;ZNF740;ZBTB37	1.0	0.883	0.994	0.708	0.994	0.295	0.365	-0.173	hard
KLF1	C2H2_short	KLF7;KLF3;Egr1;KLF12;EGR1;EGR4;KLF2;EGR3	0.992	0.978	0.988	0.942	0.997	0.605	0.983	0.748	hard
ZBTB32	C2H2_short	ZBTB3;ZNF396;OSR1;ZNF580;SP8;KLF9;DPF1;ZSCAN1	0.982	0.73	0.969	0.522	0.773	-1.7	3.539	-1.838	hard
Sp1	C2H2_short	SP1;ZNF740;SP2;SP4;KLF3;KLF1;KLF12;SP5	0.737	0.965	1.0	0.751	0.914	0.0	1.959	-1.579	hard
KLF8	C2H2_short	KLF7;KLF12;Egr1;EGR1;ttk;KLF17;ZBTB8B;EGR4	0.928	0.944	0.984	0.822	0.979	1.903	2.362	-1.431	hard
SP4	C2H2_short	SP3;KLF12;Sp1;SP1;SP5;EGR1;Egr1;ZNF225	0.864	0.946	0.985	0.796	0.982	0.924	1.012	-0.253	hard
KLF3	C2H2_short	EGR4;EGR3;EGR2;KLF1;KLF2;KLF6;Egr1;KLF12	0.89	0.986	0.996	0.878	0.915	0.3	3.301	-0.36	hard
ZNF831	C2H2_short	SP7;OSR1;EGR4;EGR3;EGR2;KLF6;ZBTB3;DPF1	0.489	0.687	0.807	0.523	0.823	4.759	4.486	0.144	easy
ZNF740	C2H2_short	Sp1;SP1;KLF10;KLF16;SP2;KLF13;KLF14;KLF7	0.906	0.969	0.985	0.746	0.905	-0.059	-0.54	-0.422	hard
SP1	C2H2_short	Sp1;ZNF740;SP2;SP4;KLF3;KLF1;KLF12;SP5	0.895	0.965	1.0	0.866	0.982	0.0	1.411	0.359	hard
EGR4	C2H2_short	EGR3;KLF3;EGR2;KLF6;KLF2;Egr1;KLF1;ZNF225	0.994	0.985	0.999	0.858	0.992	1.18	0.765	0.028	hard
ZNF704	C2H2_short	SLC2A4RG;ZNF395;ZBTB8A;SP3;ZBTB8B;KLF9;ZBTB37;SP8	0.995	0.853	0.99	0.693	0.983	0.865	0.787	0.34	hard
ZBTB8A	C2H2_short	KLF10;ZBTB8B;ttk;ZNF395;SLC2A4RG;ZNF367;ZNF704;KLF17	0.946	0.936	0.985	0.597	0.826	1.509	3.589	-2.371	hard
SP3	C2H2_short	SP4;KLF12;SLC2A4RG;ZNF395;SP5;ZNF704;KLF4;EGR1	0.786	0.919	0.985	0.764	0.97	1.488	2.975	-0.581	hard
KLF10	C2H2_short	ZBTB8A;SP2;ZNF740;KLF7;KLF12;KLF1;KLF16;KLF17	0.962	0.956	0.985	0.941	0.985	0.056	0.348	-0.69	hard
SP8	C2H2_short	SP9;ZNF503;KLF15;ZNF225;KLF11;SP3;EGR2;KLF2	0.799	0.859	0.95	0.808	0.998	0.766	0.223	-0.597	hard
ZBTB5	C2H2_short	ZNF821;ZNF703;ZNF396;SP7;ZSCAN1;Trl;DPF1;ZNF367	0.483	0.628	0.702	0.387	0.485	3.153	4.372	-1.282	easy
CPXCR1	C2H2_short	SP2;KLF14;KLF16;KLF10;Sp1;SP1;KLF15;ZNF740	0.998	0.872	0.925	0.791	0.89	5.582	5.031	4.25	moderate
KLF9	C2H2_short	KLF7;ZBTB8B;KLF17;KLF8;ttk;CPXCR1;ZBTB8A;ZNF704	0.713	0.85	0.936	0.723	0.976	2.769	-1.09	-0.186	moderate
KLF17	C2H2_short	KLF12;KLF8;ttk;KLF10;KLF4;ZBTB8A;KLF3;KLF9	0.672	0.902	0.978	0.764	0.935	1.993	3.076	-2.447	hard
ZNF580	C2H2_short	ZNF703;OSR1;ZBTB32;ZBTB43;KLF4;SP9;ZNF821;SP7	0.918	0.696	0.87	0.608	0.872	3.206	3.521	0.177	moderate
ZNF703	C2H2_short	ZNF580;ZNF367;ZBTB5;SP7;ZBTB22;Trl;ZNF831;ZBTB3	0.998	0.621	0.87	0.445	0.676	3.118	3.217	1.525	moderate
KLF11	C2H2_short	KLF6;KLF2;EGR3;EGR4;KLF5;KLF1;KLF16;KLF3	0.988	0.961	0.981	0.942	0.992	1.299	0.83	-0.665	hard
KLF2	C2H2_short	KLF6;EGR4;KLF3;EGR3;KLF5;KLF11;EGR2;Egr1	0.98	0.983	0.994	0.958	0.998	0.071	1.048	-0.623	hard
ZBTB8B	C2H2_short	ZBTB8A;KLF8;ttk;KLF9;KLF17;KLF12;KLF15;ZNF395	0.573	0.88	0.98	0.65	0.868	1.801	4.97	-1.039	hard
KLF7	C2H2_short	KLF1;KLF12;KLF8;Egr1;EGR1;KLF10;KLF3;KLF15	0.998	0.974	0.988	0.955	0.988	1.042	0.478	0.334	hard
ZBTB37	C2H2_short	ZNF174;SLC2A4RG;ZNF395;ZBTB43;ttk;ZNF704;ZBTB8B;ZNF367	0.969	0.763	0.876	0.703	0.877	-1.047	3.075	-1.061	moderate
KLF16	C2H2_short	ZNF740;SP2;EGR3;EGR2;KLF2;KLF6;EGR1;Egr1	0.965	0.966	0.974	0.909	0.983	2.459	2.189	-0.253	hard
EGR3	C2H2_short	EGR4;EGR2;KLF3;KLF6;KLF2;KLF16;Egr1;ZNF225	0.994	0.983	0.999	0.861	0.992	1.413	0.413	-2.319	hard
OSR1	C2H2_short	ZBTB3;ZNF831;ZNF580;ZBTB32;ZBTB43;SLC2A4RG;ZNF503;ZNF704	0.999	0.681	0.868	0.596	0.773	2.433	2.82	1.271	moderate
ZNF821	C2H2_short	ZNF396;ZSCAN1;ZBTB5;SP7;ZNF580;KLF11;ZNF831;KLF6	0.722	0.677	0.864	0.459	0.847	4.985	1.609	1.256	moderate
KLF12	C2H2_short	KLF7;Egr1;KLF1;EGR1;SP3;SP4;KLF17;KLF3	0.99	0.981	0.986	0.917	0.979	0.343	-0.816	0.388	hard
KLF6	C2H2_short	KLF2;EGR3;EGR4;EGR2;Egr1;KLF11;KLF3;EGR1	0.985	0.985	0.994	0.943	0.998	0.441	0.551	-0.28	hard
KLF15	C2H2_short	KLF3;KLF2;KLF6;KLF7;KLF12;KLF16;KLF11;KLF1	0.903	0.945	0.956	0.88	0.978	1.206	1.373	-0.675	hard
ZNF395	C2H2_short	SLC2A4RG;ZNF704;ZBTB8A;SP3;ZBTB8B;KLF17;KLF12;ZNF740	0.999	0.883	0.994	0.701	0.994	0.509	0.791	0.597	hard
ZBTB43	C2H2_short	Klf4;KLF3;KLF4;ZNF174;KLF11;KLF12;ZBTB37;SLC2A4RG	0.999	0.852	0.939	0.746	0.873	3.275	3.531	2.235	moderate
KLF13	C2H2_short	SP2;ZNF740;KLF1;KLF14;Sp1;SP1;Trl;SP5	0.748	0.91	0.965	0.843	0.977	-1.025	1.045	-1.165	hard
KLF5	C2H2_short	KLF2;Klf4;KLF6;KLF11;KLF3;KLF1;KLF4;EGR4	0.951	0.96	0.982	0.926	0.992	0.946	1.559	-0.006	hard
SP5	C2H2_short	SP4;KLF12;Sp1;SP1;SP3;EGR1;KLF15;KLF13	0.615	0.911	0.957	0.791	0.918	1.129	-0.811	-1.563	hard
DPF1	C2H2_short	KLF4;Klf4;Sp1;SP1;KLF10;CPXCR1;KLF16;SP2	0.987	0.832	0.96	0.686	0.964	5.832	4.436	4.019	hard
SP9	C2H2_short	SP8;ZNF503;ZNF225;EGR2;Egr1;EGR1;EGR3;Klf4	0.75	0.878	0.95	0.805	0.998	0.685	0.389	-0.627	hard
ZSCAN1	C2H2_short	ZBTB3;ZNF821;KLF5;ZNF396;Klf4;SP7;KLF2;Egr1	0.997	0.759	0.902	0.643	0.76	1.11	4.657	0.398	moderate
ZBTB3	C2H2_short	ZBTB32;ZSCAN1;OSR1;ZNF503;Trl;ZNF174;ZBTB22;ttk	0.999	0.781	0.969	0.589	0.76	2.51	2.817	-0.697	hard
ZBTB22	C2H2_short	KLF4;Klf4;KLF5;KLF1;KLF8;KLF7;Sp1;SP1	0.574	0.833	0.918	0.503	0.573	4.603	4.61	0.747	moderate
SP7	C2H2_short	ZNF831;ZSCAN1;KLF5;ZNF367;ZNF821;ZNF703;ZBTB5;DPF1	0.995	0.686	0.807	0.531	0.675	3.993	4.707	3.385	easy
ZNF503	C2H2_short	SP9;SP8;ZBTB3;KLF9;EGR4;SLC2A4RG;ZNF740;ZNF395	0.99	0.783	0.925	0.665	0.83	3.769	4.083	1.541	moderate
ZNF225	C2H2_short	EGR2;EGR4;EGR1;EGR3;Egr1;KLF6;KLF3;KLF12	0.091	0.961	0.981	0.091	0.181	0.745	3.44	-1.867	hard
ZNF396	C2H2_short	ZBTB32;ZNF821;ZSCAN1;KLF11;ZBTB5;ZNF503;ZBTB37;ZBTB8B	0.999	0.705	0.887	0.581	0.847	5.045	4.974	-0.073	moderate
YY1	C2H2_medium	MTF1;PRDM6;ZNF683;ATMIN;ZFP91;GLI1;GLI3;ZNF213	0.978	0.845	0.931	0.621	0.824	1.721	4.625	1.334	moderate
WT1	C2H2_medium	ZNF232;ZNF281;ZNF148;ZIM2;GLIS3;ZNF783;ZBTB6;ZFP41	0.982	0.9	0.978	0.666	0.928	2.169	3.147	1.543	hard
ZNF410	C2H2_medium	ZSCAN23;ZNF683;ZNF212;ZSCAN5C;ZNF114;ZIM2;ZNF641;GFI1	0.888	0.706	0.834	0.478	0.625	-1.521	-1.922	-1.014	easy
ZBTB7A	C2H2_medium	ZBTB7C;ZBTB14;ZNF692;ZNF213;ZKSCAN2;PRDM14;OVOL2;GLI3	0.374	0.903	0.942	0.459	0.61	1.068	3.624	-1.523	moderate
ZBTB7C	C2H2_medium	ZNF692;ZBTB7A;ZNF148;ZNF281;GLI3;ZKSCAN2;ZNF641;PRDM14	0.631	0.921	0.96	0.69	0.971	0.878	3.52	-1.597	hard
ZNF274	C2H2_medium	ZNF575;ZNF500;ZNF75A;ZBTB6;ZBTB26;ZSCAN31;ZNF323;GFI1B	0.976	0.77	0.854	0.556	0.832	4.791	3.953	3.233	moderate
SCRT2	C2H2_medium	SNAI1;SNAI3;SNAI2;SCRT1;ZNF75D;CG31670;ZSCAN23;ZNF500	0.86	0.866	0.985	0.737	0.959	1.926	0.985	-0.582	hard
ZFP42	C2H2_medium	ZBTB7B;ZNF524;CG31670;GLIS3;ZNF641;ZNF282;OSR2;ZNF444	0.478	0.782	0.884	0.562	0.751	3.409	4.999	-0.579	moderate
ZNF75D	C2H2_medium	ZIC3;ZIC1;ZIC2;ZNF524;ZIC4;GLI3;ZNF276;GLI2	0.995	0.867	0.97	0.62	0.75	0.847	5.472	0.613	hard
CG31670	C2H2_medium	FEZF1;OSR2;ZIC3;SCRT2;SCRT1;ZFP42;ATMIN;GLIS2	0.462	0.805	0.908	0.485	0.902	4.074	4.908	-1.249	moderate
ZNF148	C2H2_medium	ZNF281;ZNF783;ZBTB7C;WT1;GLIS1;GLIS3;ZKSCAN2;ZNF575	0.854	0.924	0.991	0.659	0.964	0.524	1.488	-0.844	hard
ZKSCAN1	C2H2_medium	ZNF793;ZNF575;ZNF200;ZNF692;HIC1;ZNF75D;ZNF212;ZNF705G	0.928	0.752	0.878	0.583	0.899	3.031	5.166	0.793	moderate
ZBTB12	C2H2_medium	ZNF24;ZNF213;OSR2;ZBTB6;GLI1;HIC2;ZBTB42;HIC1	0.453	0.8	0.859	0.542	0.823	4.448	3.181	-0.72	moderate
ZBTB6	C2H2_medium	ZNF496;WT1;ZBTB7B;GLIS1;ZNF18;ZNF524;ZBTB12;ZNF500	0.788	0.837	0.889	0.505	0.698	4.506	4.128	-0.198	moderate
ZNF705G	C2H2_medium	ZNF705E;ZNF213;ZNF362;ZNF232;ZBTB20;ZBTB26;SCRT1;ZSCAN16	0.663	0.799	0.881	0.639	0.984	3.134	4.818	-1.51	moderate
ZNF444	C2H2_medium	ZSCAN9;BCL6B;ZBTB7B;ZNF653;ZNF783;ZNF282;OSR2;ZNF276	0.631	0.851	0.963	0.575	0.838	4.087	1.746	-0.906	hard
ZNF18	C2H2_medium	ZNF575;WT1;ZBTB6;ZNF281;GLIS1;ZNF148;ZIC3;ZNF215	0.481	0.799	0.945	0.506	0.712	4.814	4.971	-0.528	moderate
PRDM1	C2H2_medium	ZNF705E;PRDM6;ZNF276;ZNF232;ZFP91;ZNF114;MTF1;ZNF213	0.988	0.777	0.881	0.584	0.776	5.407	4.151	3.113	moderate
ZIC4	C2H2_medium	ZNF692;ZNF746;ZNF75D;GLIS1;ZNF200;GLIS2;ZNF276;ZBTB7B	0.422	0.792	0.845	0.692	0.855	2.989	0.387	-1.219	easy
ZNF75A	C2H2_medium	ZNF524;ZSCAN23;ZNF131;ZBTB44;ZSCAN4;ZBTB45;ZNF274;ZNF212	0.761	0.855	0.923	0.484	0.579	1.45	4.684	-0.231	moderate
ZIC5	C2H2_medium	ZIC2;ZIC1;ZIC3;ZBTB7B;HIC1;ZBTB42;CG31670;HIC2	0.644	0.797	0.909	0.731	0.941	2.174	-0.972	-0.626	moderate
ZFP91	C2H2_medium	ZNF114;YY1;ZSCAN16;OVOL2;ZFP41;ZNF362;PRDM1;PRDM6	0.997	0.776	0.872	0.636	0.784	4.614	3.968	1.489	moderate
YY2	C2H2_medium	ZNF276;ZBTB7B;ZSCAN4;ZNF496;ZNF641;ZIC2;OSR2;ZIC3	0.515	0.8	0.854	0.541	0.801	3.471	3.842	-1.074	moderate
ZNF692	C2H2_medium	ZBTB7C;ZIC3;BCL6;BCL6B;ZNF641;ZBTB7A;ZIC1;ZNF282	0.998	0.932	0.96	0.516	0.736	3.74	3.639	2.07	hard
ZNF362	C2H2_medium	HIC2;HIC1;ZNF705G;ZSCAN4;ZNF238;ZBTB18;ZFP91;WT1	0.43	0.789	0.861	0.408	0.781	4.486	-1.591	-0.021	moderate
ZSCAN16	C2H2_medium	ZNF276;ZNF280A;OVOL2;ZFP91;ZNF705G;ZNF705E;ZNF575;ZNF793	0.515	0.782	0.884	0.509	0.776	4.628	0.886	0.408	moderate
GLIS1	C2H2_medium	GLIS3;ZNF783;ZNF148;PLAGL2;ZBTB6;ZKSCAN2;ZBTB7B;ZNF282	0.643	0.875	0.937	0.651	0.963	0.952	1.05	-1.43	moderate
HIC2	C2H2_medium	ZNF496;HIC1;ZNF641;ZNF131;ZNF362;ZSCAN4;BCL6;ZBTB44	0.974	0.875	0.967	0.576	0.961	3.277	1.441	-0.23	hard
SCRT1	C2H2_medium	SNAI1;SNAI3;SNAI2;SCRT2;CG31670;ZSCAN23;ZNF705G;ZNF165	0.97	0.867	0.985	0.764	0.96	2.369	1.129	-0.885	hard
ZBTB7B	C2H2_medium	MTF1;ZNF282;ZFP42;ZBTB14;ZBTB6;ZNF444;ZNF692;YY2	0.535	0.872	0.935	0.569	0.719	4.079	4.528	-1.297	moderate
ZBTB20	C2H2_medium	ZBTB45;ZNF705G;ZNF212;ZNF705E;ZSCAN31;ZNF323;PRDM1;ZNF22	0.983	0.729	0.813	0.468	0.827	3.658	2.315	0.916	easy
ZIC3	C2H2_medium	ZNF75D;ZNF692;ZIC2;ZIC1;ZNF200;ZKSCAN2;ZSCAN5C;ZIC5	0.594	0.901	0.97	0.728	0.996	1.303	0.453	-1.126	hard
SNAI1	C2H2_medium	SNAI2;SCRT2;SCRT1;SNAI3;ATMIN;ZNF232;ZBTB14;OSR2	0.96	0.896	0.987	0.752	0.983	0.719	1.064	-0.244	hard
ZNF282	C2H2_medium	BCL6;BCL6B;ZNF215;ZBTB7B;ZNF692;ZNF641;ZNF653;ZBTB7C	0.74	0.897	0.963	0.62	0.91	3.875	3.821	-1.221	hard
BCL6	C2H2_medium	ZNF282;ZNF692;ZSCAN4;HIC2;BCL6B;ZNF444;ZBTB7C;ZNF212	0.643	0.849	0.963	0.556	0.828	-1.547	2.208	-1.23	hard
ZSCAN5A	C2H2_medium	ZSCAN5;ZSCAN4;ZIM2;ZSCAN5C;ZNF705G;OVOL1;ZFP91;OVOL2	0.571	0.782	1.0	0.502	0.973	0.0	1.999	-1.684	hard
SNAI3	C2H2_medium	SCRT1;SNAI2;SNAI1;SCRT2;ZBTB14;MTF1;ATMIN;ZNF232	0.977	0.887	0.984	0.771	0.997	1.159	0.277	-0.076	hard
ZIC2	C2H2_medium	ZIC1;ZIC3;ZIC5;ZNF75D;ZNF692;ZNF200;ZBTB7B;GLIS2	0.709	0.869	0.922	0.737	0.996	1.038	0.434	-1.581	moderate
GFI1	C2H2_medium	GFI1B;ZNF683;ZNF793;ZBTB44;ZNF131;ZSCAN31;ZNF323;ZNF280A	0.874	0.77	0.974	0.54	0.922	-1.214	4.577	-1.548	hard
ZNF212	C2H2_medium	BCL6B;ZNF75A;ZNF683;HIC2;BCL6;ZNF500;ZBTB20;ZNF410	0.311	0.758	0.808	0.464	0.768	4.727	4.538	-1.817	easy
GLI2	C2H2_medium	GLI3;GLI1;ZBTB7C;GLIS1;ZSCAN5C;GLIS3;ZNF75D;ZSCAN9	0.534	0.847	0.984	0.596	0.931	0.458	2.728	-0.579	hard
PRDM6	C2H2_medium	YY1;PRDM1;ZNF705E;ZNF276;ZNF213;MTF1;ZFP91;ZNF232	0.814	0.812	0.882	0.573	0.735	-1.631	3.04	-1.662	moderate
ZNF22	C2H2_medium	ZSCAN23;ZSCAN31;ZNF323;ZNF683;ZNF524;ZBTB20;ZNF500;ZSCAN16	0.591	0.754	0.896	0.348	0.575	-1.563	-1.743	-1.833	moderate
ZBTB42	C2H2_medium	OVOL2;ZBTB12;ZNF783;ZIC5;ZNF444;YY1;ZNF746;ZNF215	0.367	0.755	0.79	0.521	0.763	2.712	4.358	-2.426	easy
GLIS3	C2H2_medium	GLIS1;ZNF783;ZNF148;ZBTB7C;PLAGL2;WT1;ZNF524;ZNF641	0.684	0.882	0.937	0.746	0.963	0.973	1.837	-0.708	moderate
ZNF575	C2H2_medium	ZNF18;ZNF232;ZNF274;WT1;ZNF148;ZIM2;ZNF853;ZKSCAN1	0.41	0.847	0.945	0.502	0.832	1.231	5.309	-2.169	moderate
ZNF746	C2H2_medium	ZIC4;GLIS2;ZIC3;ZNF705G;ZBTB42;ZIC2;ZIC5;YY2	0.43	0.758	0.837	0.602	0.716	3.817	3.888	-0.791	easy
ZIM2	C2H2_medium	WT1;ZSCAN5C;ZNF575;ZSCAN5A;ZSCAN5;ZNF783;ZNF148;ZNF114	0.983	0.802	0.904	0.602	0.769	3.238	4.495	1.207	moderate
ZBTB18	C2H2_medium	ZNF238;BCL6B;ZBTB26;ZNF362;HIC2;YY1;ZNF131;ZNF114	0.811	0.821	1.0	0.536	1.0	0.0	0.0	-1.478	hard
ZNF213	C2H2_medium	ZNF783;ZFP41;ZBTB7A;ZBTB7C;ZBTB12;ZBTB26;ZNF215;ZSCAN4	0.966	0.861	0.914	0.737	0.915	1.418	2.559	-0.397	moderate
ZNF281	C2H2_medium	ZNF148;WT1;ZNF853;ZBTB7C;GLIS2;ZNF783;ZNF653;ZKSCAN2	1.0	0.893	0.991	0.627	0.964	1.36	2.538	-0.013	hard
ZNF114	C2H2_medium	ZFP91;OSR2;ZIM2;ZNF238;ZBTB18;ZBTB6;ZBTB44;ZNF575	0.259	0.765	0.872	0.466	0.784	5.414	2.103	-0.189	moderate
ZBTB26	C2H2_medium	ZNF238;ZBTB18;ZSCAN4;ZNF213;ZSCAN9;ZNF705G;ZNF165;ZBTB44	0.426	0.802	0.832	0.556	0.866	4.44	3.059	-0.698	easy
ZNF24	C2H2_medium	ZBTB12;ZBTB7A;ZKSCAN2;ZFP41;ZIC1;ZSCAN4;YY1;ZIC3	0.515	0.781	0.859	0.37	0.611	5.155	-2.003	-1.382	moderate
ZIC1	C2H2_medium	ZIC2;ZNF75D;ZNF692;ZIC3;HIC1;ZIC5;ZSCAN5C;ZNF200	0.576	0.87	0.922	0.734	0.941	1.713	0.954	-0.633	moderate
ZNF793	C2H2_medium	ZKSCAN1;GFI1;GFI1B;SCRT1;ZBTB45;ZNF853;ZIC4;SCRT2	0.398	0.743	0.878	0.506	0.788	4.647	2.761	-0.546	moderate
MTF1	C2H2_medium	ZBTB44;ZSCAN4;ZNF131;ZBTB7B;YY1;ZBTB14;PRDM14;SNAI3	0.765	0.907	0.991	0.585	0.824	-1.275	4.986	-1.422	hard
ZSCAN31	C2H2_medium	ZNF323;ZNF22;ZNF274;ZNF131;GFI1;BCL6;ZBTB20;ZNF496	0.762	0.76	1.0	0.56	0.923	0.0	-1.476	-0.374	hard
BCL6B	C2H2_medium	ZNF282;ZNF692;ZNF276;ZNF238;ZBTB18;ZNF444;ZBTB7C;HIC1	0.776	0.886	0.949	0.386	0.576	-1.39	4.254	-1.226	moderate
OVOL2	C2H2_medium	OVOL1;ZBTB7A;ZSCAN16;ZFP41;ZBTB42;ZSCAN9;ZFP91;ZNF705G	0.998	0.82	0.993	0.637	0.986	1.869	3.627	1.311	hard
