tf	top_kmer	top_kmer_rc	top8
ALX3	TTAGATTA	TAATCTAA	TTAGATTA; TAATCTAA; AATCTAAT; ATTAGATT; ATCTAATT; AATTAGAT; TAATTAGA; TCTAATTA
ARNTL	TCACGTGA	TCACGTGA	TCACGTGA; GTCACGTG; CACGTGAC; AGTCACGT; ACGTGACT; ACGTGACA; TGTCACGT; ACGTGACC
ATF7	TGACGTCA	TGACGTCA	TGACGTCA; GACGTCAT; ATGACGTC; CTGGGGCG; CGCCCCAG; TGCGCCCC; GGGGCGCA; GCCCCAGC
Alx1	TCTAATTA	TAATTAGA	TCTAATTA; TAATTAGA; TTAGATTA; TAATCTAA; ATCTAATT; AATTAGAT; ATTAGATT; AATCTAAT
Alx4	GCGCAAGT	ACTTGCGC	GCGCAAGT; ACTTGCGC; TGCGCAAG; CTTGCGCA; TTGCGCAA; TACTTGCG; CGCAAGTA; GCAAGTAT
Ar	CACCGTGT	ACACGGTG	CACCGTGT; ACACGGTG; ACCGTGTA; TACACGGT; CACGGTGT; ACACCGTG; ACATCGTG; CACGATGT
Arx	TTAGATTA	TAATCTAA	TTAGATTA; TAATCTAA; ATTAGATT; AATCTAAT; CTAATTAG; TAATTAGA; TCTAATTA; ATCTAATT
Ascl2	GGGGGGGG	CCCCCCCC	GGGGGGGG; CCCCCCCC; CAGCTGCT; AGCAGCTG; GCAGCTGC; GCTGCTCT; AGAGCAGC; ACAGCTGC
Atf4	TGATGCAA	TTGCATCA	TGATGCAA; TTGCATCA; GATGCAAT; ATTGCATC; GCATCATC; GATGATGC; TGCATCAT; ATGATGCA
Atoh1	GGGGGGGG	CCCCCCCC	GGGGGGGG; CCCCCCCC; CATATGTT; AACATATG; ACATATGG; CCATATGT; GCCATATG; CATATGGC
BARHL2	TAAACGGT	ACCGTTTA	TAAACGGT; ACCGTTTA; GGGGGGGG; CCCCCCCC; CAATTAGC; GCTAATTG; CCGTTTAG; CTAAACGG
BARX1	ATTAAATA	TATTTAAT	ATTAAATA; TATTTAAT; ATTAAAAA; TTTTTAAT; AACGATTA; TAATCGTT; CAATTAAA; TTTAATTG
BATF3	ATGACGTC	GACGTCAT	ATGACGTC; GACGTCAT; TGACGTCA; GATGACGT; ACGTCATC; CGTCATCA; TGATGACG; CCTCCCCC
BCL6B	CTTTCTAG	CTAGAAAG	CTTTCTAG; CTAGAAAG; TAGAAAGC; GCTTTCTA; TGCTTTCT; AGAAAGCA; CTCGAAAG; CTTTCGAG
BHLHA15	CCATATGG	CCATATGG	CCATATGG; ACCATATG; CATATGGT; CATATGTT; AACATATG; GCCATATG; CATATGGC; CATATGGA
BHLHE22	ACCATATG	CATATGGT	ACCATATG; CATATGGT; CATATGTT; AACATATG; ACATATGT; ATATGTTT; AAACATAT; AGCATATG
BHLHE23	ACCATATG	CATATGGT	ACCATATG; CATATGGT; CCATATGG; ACATATGG; CCATATGT; AACATATG; CATATGTT; ACATATGT
BHLHE41	GTCACGTG	CACGTGAC	GTCACGTG; CACGTGAC; TCACGTGA; GGTCACGT; ACGTGACC; ACGTGACT; AGTCACGT; ACGTGACG
BSX	ATCACTTA	TAAGTGAT	ATCACTTA; TAAGTGAT; TTAAGTGA; TCACTTAA; TTAATTAG; CTAATTAA; AATCGATT; TAATTGGT
Barhl1	TAAACGGT	ACCGTTTA	TAAACGGT; ACCGTTTA; CTAAACGG; CCGTTTAG; GCTAAACG; CGTTTAGC; GGCAATTA; TAATTGCC
Bhlhb2	TCACGTGA	TCACGTGA	TCACGTGA; CACGTGAC; GTCACGTG; ATCACGTG; CACGTGAT; AGTCACGT; ACGTGACT; TCACGTGC
CART1	TTAGATTA	TAATCTAA	TTAGATTA; TAATCTAA; TAATTAGA; TCTAATTA; TTAAATTA; TAATTTAA; ATCTAATT; AATTAGAT
CDX1	GCAATAAA	TTTATTGC	GCAATAAA; TTTATTGC; GTCATAAA; TTTATGAC; TTTTATTG; CAATAAAA; TTATTGCC; GGCAATAA
CDX2	ACAGTAGA	TCTACTGT	ACAGTAGA; TCTACTGT; ATCTACTG; CAGTAGAT; TTTATTGC; GCAATAAA; GTCATAAA; TTTATGAC
CEBPB	TTGCGCAA	TTGCGCAA	TTGCGCAA; CCCCCCCC; GGGGGGGG; ATTGCGCA; TGCGCAAT; TTGCGTAA; TTACGCAA; GAGGGGGG
CEBPD	TTGCGCAA	TTGCGCAA	TTGCGCAA; ATTGCGCA; TGCGCAAT; TTGCGTAA; TTACGCAA; GTTGCGCA; TGCGCAAC; TACGCAAT
CEBPE	ATTGCGCA	TGCGCAAT	ATTGCGCA; TGCGCAAT; TTGCGCAA; GATTGCGC; GCGCAATC; GCGCAATA; TATTGCGC; GTTGCGCA
CEBPG	CGCAATAG	CTATTGCG	CGCAATAG; CTATTGCG; CGATTGCG; CGCAATCG; CTATTGCA; TGCAATAG; GCAATAGT; ACTATTGC
CENPB	CCCGCTTC	GAAGCGGG	CCCGCTTC; GAAGCGGG; ACCCGCTT; AAGCGGGT; ATGCGGGT; ACCCGCAT; GACGCGGG; CCCGCGTC
CLOCK	GGGGGGGG	CCCCCCCC	GGGGGGGG; CCCCCCCC; GGGAGGGG; CCCCTCCC; CCCTCCCC; GGGGAGGG; TGGGGGGG; CCCCCCCA
CPEB1	GGATAAAA	TTTTATCC	GGATAAAA; TTTTATCC; TTTTATTC; GAATAAAA; AGAATAAA; TTTATTCT; GATAAAAA; TTTTTATC
CREB3	TGACGTCA	TGACGTCA	TGACGTCA; TGACGTGG; CCACGTCA; GACGTGGC; GCCACGTC; CACGTCAT; ATGACGTG; GATGACGT
CREB3L1	CCACGTGG	CCACGTGG	CCACGTGG; GCCACGTG; CACGTGGC; TGCCACGT; ACGTGGCA; GTGCCACG; CGTGGCAC; CGTGGCAT
CTCF	CCTAGCGG	CCGCTAGG	CCTAGCGG; CCGCTAGG; CCTAGTGG; CCACTAGG; CCCCCTAG; CTAGGGGG; GCCCCCTA; TAGGGGGC
CUX1	ATCGATTA	TAATCGAT	ATCGATTA; TAATCGAT; AATCGATA; TATCGATT; TCGATTAC; GTAATCGA; CTAATCGA; TCGATTAG
CUX2	TTATCGAT	ATCGATAA	TTATCGAT; ATCGATAA; AATCGATA; TATCGATT; GATCGATA; TATCGATC; ATTATCGA; TCGATAAT
Creb3l2	ACGTCATC	GATGACGT	ACGTCATC; GATGACGT; CGTCATCA; TGATGACG; ACGTGGCA; TGCCACGT; CACGTCAT; ATGACGTG
Creb5	TGACGTCA	TGACGTCA	TGACGTCA; ATGACGTC; GACGTCAT; GACGTCAC; GTGACGTC; GATGACGT; ACGTCATC; TGACGTAA
DLX2	GGTAATTA	TAATTACC	GGTAATTA; TAATTACC; CTAATTAC; GTAATTAG; CTAATTAG; GTAATTAC; TAATTACA; TGTAATTA
DLX3	ATAATTAT	ATAATTAT	ATAATTAT; GTAATTAT; ATAATTAC; GATAATTA; TAATTATC; CATAATTA; TAATTATG; GTAATTAG
DLX4	CTAATTAG	CTAATTAG	CTAATTAG; GTAATTAG; CTAATTAC; TAATTACG; CGTAATTA; TAATTACC; GGTAATTA; GCTAATTA
DLX5	CCCGGTGC	GCACCGGG	CCCGGTGC; GCACCGGG; AATTACGC; GCGTAATT; AATTAAGC; GCTTAATT; CCCCGGTG; CACCGGGG
DLX6	AGTAATTA	TAATTACT	AGTAATTA; TAATTACT; TAATTAAC; GTTAATTA; ATAATTAT; CCAATTAA; TTAATTGG; GCAATTAA
DMBX1	ATCCGATT	AATCGGAT	ATCCGATT; AATCGGAT; AATCCGAT; ATCGGATT; TAATCCGA; TCGGATTA; TCCGATTA; TAATCGGA
DPRX	TCCGGATT	AATCCGGA	TCCGGATT; AATCCGGA; ATCCGGAT; CCGGATTA; TAATCCGG; CGGATTAA; TTAATCCG; CGGATTAG
DRGX	TAATCTAA	TTAGATTA	TAATCTAA; TTAGATTA; TAATTAGA; TCTAATTA; TAATTTAA; TTAAATTA; AATTAGAT; ATCTAATT
DUXA	TCTAATCA	TGATTAGA	TCTAATCA; TGATTAGA; ATCTAATC; GATTAGAT; TAATCTAA; TTAGATTA; TGATTCAA; TTGAATCA
Dbp	ATTACGTA	TACGTAAT	ATTACGTA; TACGTAAT; TTACGTAA; GTTACGTA; TACGTAAC; ACGTAATC; GATTACGT; TGTTACGT
Dlx1	TAATTACG	CGTAATTA	TAATTACG; CGTAATTA; GTAATTAC; ATAATTAC; GTAATTAT; AATTACAC; GTGTAATT; TAATTATG
E2F1	GGCGCCAA	TTGGCGCC	GGCGCCAA; TTGGCGCC; TGGCGCCA; TTTGGCGC; GCGCCAAA; TTGGCGCG; CGCGCCAA; TTTTGGCG
E2F2	TTGGCGCC	GGCGCCAA	TTGGCGCC; GGCGCCAA; TGGCGCCA; CGCCAAAA; TTTTGGCG; GCGCCAAA; TTTGGCGC; CGCCATTT
E2F3	GGCGCCAA	TTGGCGCC	GGCGCCAA; TTGGCGCC; TGGCGCCA; TTTGGCGC; GCGCCAAA; TTTTGGCG; CGCCAAAA; GGCGCCAT
E2F4	TGGCGCCA	TGGCGCCA	TGGCGCCA; GGCGCCAA; TTGGCGCC; GCGCCAAA; TTTGGCGC; CGCCAAAA; TTTTGGCG; ATGGCGCC
E2F7	CGCAGGTG	CACCTGCG	CGCAGGTG; CACCTGCG; CAGGTGCG; CGCACCTG; ACAGGTGC; GCACCTGT; CAGGTGTT; AACACCTG
E2F8	TCCCGCCA	TGGCGGGA	TCCCGCCA; TGGCGGGA; TTTGGCGG; CCGCCAAA; CCCGCCAA; TTGGCGGG; TTCCCGCC; GGCGGGAA
EBF1	CCTAGGGA	TCCCTAGG	CCTAGGGA; TCCCTAGG; CCCTAGGG; CCCTTGGG; CCCAAGGG; TCCCTTGG; CCAAGGGA; TCCCAAGG
EGR2	GCGTGGGC	GCCCACGC	GCGTGGGC; GCCCACGC; CGCCCACG; CGTGGGCG; TGCGTGGG; CCCACGCA; ACGCCCAC; GTGGGCGT
EGR4	CCCCCCCC	GGGGGGGG	CCCCCCCC; GGGGGGGG; CCTCCCCC; GGGGGAGG; CGCCCACG; CGTGGGCG; GCGTGGGC; GCCCACGC
ELF1	ACTTCCGG	CCGGAAGT	ACTTCCGG; CCGGAAGT; CTTCCGGG; CCCGGAAG; TACTTCCG; CGGAAGTA; CGGAAGTG; CACTTCCG
ELF3	CTTCCGGG	CCCGGAAG	CTTCCGGG; CCCGGAAG; ACTTCCGG; CCGGAAGT; ACCCGGAA; TTCCGGGT; TACTTCCG; CGGAAGTA
ELK1	ACTTACGG	CCGTAAGT	ACTTACGG; CCGTAAGT; ACCGTAAG; CTTACGGT; ACTTCCGG; CCGGAAGT; ACCGGAAG; CTTCCGGT
ELK3	GAACTTCC	GGAAGTTC	GAACTTCC; GGAAGTTC; AAACTTCC; GGAAGTTT; GGAAGTGC; GCACTTCC; ACACTTCC; GGAAGTGT
ELK4	ACTTCCGG	CCGGAAGT	ACTTCCGG; CCGGAAGT; ACCGGAAG; CTTCCGGT; TTCCGGTC; GACCGGAA; TTCCGGTT; AACCGGAA
EMX1	CTAATTAG	CTAATTAG	CTAATTAG; TAATTAGC; GCTAATTA; ATTAGCTA; TAGCTAAT; TTAGCTAA; TAATTAGT; ACTAATTA
EMX2	CTAATTAG	CTAATTAG	CTAATTAG; GCTAATTA; TAATTAGC; ACTAATTA; TAATTAGT; CTAATTAC; GTAATTAG; GGTAATTA
EN1	CTAATTAG	CTAATTAG	CTAATTAG; TAATTAGC; GCTAATTA; TAATTAGG; CCTAATTA; ACTAATTA; TAATTAGT; CGCTAATT
EN2	AGATGAGG	CCTCATCT	AGATGAGG; CCTCATCT; CTCATCTA; TAGATGAG; GATGAGGT; ACCTCATC; GTAATTAC; TCATCTAA
EOMES	AGGTGTGA	TCACACCT	AGGTGTGA; TCACACCT; TTCACACC; GGTGTGAA; CACACCTT; AAGGTGTG; AAAGGTGT; ACACCTTT
ERF	ACCGGAAG	CTTCCGGT	ACCGGAAG; CTTCCGGT; AACCGGAA; TTCCGGTT; ACCGGAAA; TTTCCGGT; ACTTCCGG; CCGGAAGT
ERG	GGATATCC	GGATATCC	GGATATCC; GATATCCG; CGGATATC; GAAATCCG; CGGATTTC; GATTTCCG; CGGAAATC; ATATCCGG
ESR1	CGTGACCT	AGGTCACG	CGTGACCT; AGGTCACG; GTGACCTT; AAGGTCAC; AGGTCACC; GGTGACCT; ACCGTGAC; GTCACGGT
ESRRA	CAAGGTCA	TGACCTTG	CAAGGTCA; TGACCTTG; TCAAGGTC; GACCTTGA; AAGGTCAT; ATGACCTT; TTGACCTT; AAGGTCAA
ESRRB	GACCTTGA	TCAAGGTC	GACCTTGA; TCAAGGTC; AAGGTCAA; TTGACCTT; CAAGGTCA; TGACCTTG; ACCTTGAG; CTCAAGGT
ESRRG	TGACCTTG	CAAGGTCA	TGACCTTG; CAAGGTCA; GACCTTGA; TCAAGGTC; AAGGTCAT; ATGACCTT; CCAAGGTC; GACCTTGG
ESX1	TTGGCAAT	ATTGCCAA	TTGGCAAT; ATTGCCAA; CTAATTAG; TTGCCAAT; ATTGGCAA; TAATTAGC; GCTAATTA; TAATTGCC
ETS1	ACTTCCGG	CCGGAAGT	ACTTCCGG; CCGGAAGT; ACCGGAAG; CTTCCGGT; GACCGGAA; TTCCGGTC; CACTTCCG; CGGAAGTG
ETV1	CCGGAAGT	ACTTCCGG	CCGGAAGT; ACTTCCGG; CTTCCGGT; ACCGGAAG; TACTTCCG; CGGAAGTA; CGGAAGTG; CACTTCCG
ETV2	ACCCACCC	GGGTGGGT	ACCCACCC; GGGTGGGT; TTCCGGTT; AACCGGAA; CCCAACGA; TCGTTGGG; AAACCGGA; TCCGGTTT
ETV3	ACTTCCGG	CCGGAAGT	ACTTCCGG; CCGGAAGT; ACCGGAAG; CTTCCGGT; AACCGGAA; TTCCGGTT; CACTTCCG; CGGAAGTG
ETV4	CTTCCGGT	ACCGGAAG	CTTCCGGT; ACCGGAAG; ACTTCCGG; CCGGAAGT; GACCGGAA; TTCCGGTC; CACTTCCG; CGGAAGTG
ETV5	TCCGGTCG	CGACCGGA	TCCGGTCG; CGACCGGA; TCCGGTCC; GGACCGGA; CCGGAAGT; ACTTCCGG; TCCGGTCA; TGACCGGA
ETV6	CCGGAAGT	ACTTCCGG	CCGGAAGT; ACTTCCGG; TACTTCCG; CGGAAGTA; CACTTCCG; CGGAAGTG; TCCGCTTC; GAAGCGGA
EVX1	CTAATTAG	CTAATTAG	CTAATTAG; TAATTAGC; GCTAATTA; GTAATTAG; CTAATTAC; TAATTAGT; ACTAATTA; AATTAGTG
EVX2	CTAATTAG	CTAATTAG	CTAATTAG; TAATTAGC; GCTAATTA; CTAATTAC; GTAATTAG; ACTAATTA; TAATTAGT; TAATTAGG
Egr1	GAGTGGGC	GCCCACTC	GAGTGGGC; GCCCACTC; AGTGGGCG; CGCCCACT; GCCCCCGC; GCGGGGGC; TGGGCGTA; TACGCCCA
Egr3	GCCCACGC	GCGTGGGC	GCCCACGC; GCGTGGGC; CCCACGCA; TGCGTGGG; CGCCCACG; CGTGGGCG; ACGCCCAC; GTGGGCGT
Elf5	CCCGGAAG	CTTCCGGG	CCCGGAAG; CTTCCGGG; ACTTCCGG; CCGGAAGT; TACTTCCG; CGGAAGTA; TTCCGGGT; ACCCGGAA
FEV	CCGGAAGT	ACTTCCGG	CCGGAAGT; ACTTCCGG; ACCGGAAG; CTTCCGGT; GACCGGAA; TTCCGGTC; TTCCGGTT; AACCGGAA
FIGLA	CCAGCTGG	CCAGCTGG	CCAGCTGG; GCACGTGC; CCAGGTGG; CCACCTGG; CACCTGGA; TCCAGGTG; ACAGGTGG; CCACCTGT
FLI1	ACTTCCGG	CCGGAAGT	ACTTCCGG; CCGGAAGT; CTTCCGGT; ACCGGAAG; TTCCGGTT; AACCGGAA; AAACCGGA; TCCGGTTT
FOXB1	TAAATATT	AATATTTA	TAAATATT; AATATTTA; GTCAATAT; ATATTGAC; ATATTTAC; GTAAATAT; AATATTGA; TCAATATT
FOXC1	TGTAAACA	TGTTTACA	TGTAAACA; TGTTTACA; GTTTACAT; ATGTAAAC; TTACATAA; TTATGTAA; TATGTAAA; TTTACATA
FOXC2	TATGTAAA	TTTACATA	TATGTAAA; TTTACATA; ATGTAAAC; GTTTACAT; TGTAAACA; TGTTTACA; TTGTTTAC; GTAAACAA
FOXD2	TAAATATT	AATATTTA	TAAATATT; AATATTTA; TAAATGTT; AACATTTA; ATAATATT; AATATTAT; ACATTTAC; GTAAATGT
FOXD3	GTAAATAT	ATATTTAC	GTAAATAT; ATATTTAC; AATATTTA; TAAATATT; AATATTAT; ATAATATT; GTCAATAT; ATATTGAC
FOXI1	TTGTTTAC	GTAAACAA	TTGTTTAC; GTAAACAA; TTACTGTA; TACAGTAA; TGTAAACA; TGTTTACA; ACAGTAAA; TTTACTGT
FOXJ2	TAAACATA	TATGTTTA	TAAACATA; TATGTTTA; ATTGTTTA; TAAACAAT; AAACATAA; TTATGTTT; TTGTTTAT; ATAAACAA
FOXL1	TAAATAAA	TTTATTTA	TAAATAAA; TTTATTTA; AAATAAAC; GTTTATTT; TAAACAAA; TTTGTTTA; TGTTTATT; AATAAACA
FOXO1	AAACATGT	ACATGTTT	AAACATGT; ACATGTTT; TAAACATG; CATGTTTA; AACATGTT; GTAAACAT; ATGTTTAC; GGTAAACA
FOXO3	AACATGTT	AACATGTT	AACATGTT; AAACATGT; ACATGTTT; CATGTTTA; TAAACATG; GTAAACAT; ATGTTTAC; ACATGTTG
FOXO4	AACATGTT	AACATGTT	AACATGTT; ACATGTTT; AAACATGT; CATGTTTA; TAAACATG; GTAAACAT; ATGTTTAC; CGTAAACA
FOXO6	AACATGTT	AACATGTT	AACATGTT; GTAAACAA; TTGTTTAC; TGTTTACG; CGTAAACA; ATGTTTAC; GTAAACAT; TGTTTACA
FOXP3	TGGGGGGG	CCCCCCCA	TGGGGGGG; CCCCCCCA; GGGGGGGG; CCCCCCCC; CCCCCCAC; GTGGGGGG; GGTGTGGG; CCCACACC
Foxg1	AATATTGA	TCAATATT	AATATTGA; TCAATATT; TTTGTTTA; TAAACAAA; TTGTTTAT; ATAAACAA; TTGATAAA; TTTATCAA
Foxj3	GTAAACAA	TTGTTTAC	GTAAACAA; TTGTTTAC; TAAACAAA; TTTGTTTA; TGTAAACA; TGTTTACA; ATTGTTTA; TAAACAAT
Foxk1	CGGACACA	TGTGTCCG	CGGACACA; TGTGTCCG; TTGTGTCC; GGACACAA; GTGTCCGT; ACGGACAC; ATTGTGTC; GACACAAT
GABPA	CCGGAAGT	ACTTCCGG	CCGGAAGT; ACTTCCGG; ACCGGAAG; CTTCCGGT; ACATCCGG; CCGGATGT; CGGAAGTA; TACTTCCG
GATA3	TCTTATCT	AGATAAGA	TCTTATCT; AGATAAGA; GAGATAAG; CTTATCTC; AGAGATAA; TTATCTCT; GAGATAAC; GTTATCTC
GATA4	CAGATAAG	CTTATCTG	CAGATAAG; CTTATCTG; GAGATAAG; CTTATCTC; TCTTATCT; AGATAAGA; CCTTATCT; AGATAAGG
GATA5	ATCTTATC	GATAAGAT	ATCTTATC; GATAAGAT; CTGATAAG; CTTATCAG; AGATAAGA; TCTTATCT; GATCTTAT; ATAAGATC
GCM1	CGGGTACC	GGTACCCG	CGGGTACC; GGTACCCG; ATGCGGGT; ACCCGCAT; GGGTACCC; TACCCGCA; TGCGGGTA; GTACCCGC
GCM2	TACCCGCA	TGCGGGTA	TACCCGCA; TGCGGGTA; CCATGCGG; CCGCATGG; GCCCGCAT; ATGCGGGC; CCCGCATC; GATGCGGG
GLI2	CGTGGGTG	CACCCACG	CGTGGGTG; CACCCACG; GTGGGTGG; CCACCCAC; TGGGTGGT; ACCACCCA; GACCACCC; GGGTGGTC
GLIS1	CCCCACGA	TCGTGGGG	CCCCACGA; TCGTGGGG; CGTGGGGG; CCCCCACG; GGGGGGTC; GACCCCCC; GTCGTGGG; CCCACGAC
GLIS2	ACCCCCCG	CGGGGGGT	ACCCCCCG; CGGGGGGT; CCCCCCGC; GCGGGGGG; GACCCCCC; GGGGGGTC; CGCGGGGG; CCCCCGCG
GLIS3	CTCAAATC	GATTTGAG	CTCAAATC; GATTTGAG; TCAAATCC; GGATTTGA; ATTATGAT; AAATCCGA; TCGGATTT; ATCATAAT
GMEB2	GTAACTGA	TCAGTTAC	GTAACTGA; TCAGTTAC; TAACTGAC; GTCAGTTA; TAAGCTAC; GTAGCTTA; CGTCAGTT; AACTGACG
GRHL1	AACCGGTT	AACCGGTT	AACCGGTT; CGGTCTAA; TTAGACCG; AAACCGGT; ACCGGTTT; GGTCTAAC; GTTAGACC; TAGACCGG
GSC	GCTAATCC	GGATTAGC	GCTAATCC; GGATTAGC; TAATCCGT; ACGGATTA; CGGATTAG; CTAATCCG; GATTAGCG; CGCTAATC
GSC2	TAATCCGA	TCGGATTA	TAATCCGA; TCGGATTA; ATCGGATT; AATCCGAT; ATCCGATT; AATCGGAT; TCCGATTA; TAATCGGA
GSX1	TAATTAGG	CCTAATTA	TAATTAGG; CCTAATTA; AGTAATTA; TAATTACT; ACTAATTA; TAATTAGT; CTAATTAG; TAATTAGA
GSX2	CAATTAAA	TTTAATTG	CAATTAAA; TTTAATTG; TTTTAATT; AATTAAAA; TTAATTAC; GTAATTAA; ATTAATTA; TAATTAAT
Gbx1	CGATTTTC	GAAAATCG	CGATTTTC; GAAAATCG; CGGGCGAT; ATCGCCCG; GCGGGCGA; TCGCCCGC; AAAATCGC; GCGATTTT
Gbx2	CTAATTAG	CTAATTAG	CTAATTAG; ACTAATTA; TAATTAGT; GCTAATTA; TAATTAGC; GTAATTAG; CTAATTAC; CCTAATTA
HES5	CCCTCCCT	AGGGAGGG	CCCTCCCT; AGGGAGGG; CCCCCCCC; GGGGGGGG; AGGGGGGT; ACCCCCCT; CCCCTCCC; GGGAGGGG
HES7	GCACGTGC	GCACGTGC	GCACGTGC; CACGTGCC; GGCACGTG; ACGTGCCG; CGGCACGT; ACGTGCCA; TGGCACGT; CGTGCCGT
HESX1	ATTGGCAA	TTGCCAAT	ATTGGCAA; TTGCCAAT; GGCAATTA; TAATTGCC; GCCAATTA; TAATTGGC; AATTAATT; AATTGGCA
HEY1	GACACGTG	CACGTGTC	GACACGTG; CACGTGTC; CACGTGCC; GGCACGTG; CACGTGGC; GCCACGTG; ACGTGTCA; TGACACGT
HEY2	GCACGTGC	GCACGTGC	GCACGTGC; GGCACGTG; CACGTGCC; CACGTGTC; GACACGTG; GGGTACCC; GCACGTGT; ACACGTGC
HIC2	CGTGCCAG	CTGGCACG	CGTGCCAG; CTGGCACG; GATGCCCG; CGGGCATC; ATGCCCGG; CCGGGCAT; GCCCGGAC; GTCCGGGC
HMBOX1	GTTAACTA	TAGTTAAC	GTTAACTA; TAGTTAAC; AGTTAACT; TTAACTAG; CTAGTTAA; CCTAGTTA; TAACTAGG; ACTAGTTA
HMX1	CCCCCCCC	GGGGGGGG	CCCCCCCC; GGGGGGGG; GGGGAGGG; CCCTCCCC; TCCCCCCC; GGGGGGGA; CCCCCCCA; TGGGGGGG
HMX2	TTTAATTG	CAATTAAA	TTTAATTG; CAATTAAA; CCAATTAA; TTAATTGG; CACTTAAG; CTTAAGTG; ATCAATTA; TAATTGAT
HMX3	TTAATTGC	GCAATTAA	TTAATTGC; GCAATTAA; CCCCCCCC; GGGGGGGG; CAATTAAC; GTTAATTG; CAATTAAG; CTTAATTG
HNF1A	TCATTAAC	GTTAATGA	TCATTAAC; GTTAATGA; ATCATTAA; TTAATGAT; TAATGATT; AATCATTA; ATGATTAA; TTAATCAT
HNF1B	GTTAATCA	TGATTAAC	GTTAATCA; TGATTAAC; GTTAATGA; TCATTAAC; AGTTAATC; GATTAACT; ATCATTAA; TTAATGAT
HNF4A	TTTGACCC	GGGTCAAA	TTTGACCC; GGGTCAAA; ACTTTGAC; GTCAAAGT; TTGACCCC; GGGGTCAA; GACTTTGA; TCAAAGTC
HOMEZ	AATCGTTT	AAACGATT	AATCGTTT; AAACGATT; ATCGTTTT; AAAACGAT; AAATCGTT; AACGATTT; TATCGAAA; TTTCGATA
HOXA1	TAATTACC	GGTAATTA	TAATTACC; GGTAATTA; CTAATTAG; CTAATTAC; GTAATTAG; TTAATTAC; GTAATTAA; TAAGTGAT
HOXA10	TAGGCTTC	GAAGCCTA	TAGGCTTC; GAAGCCTA; AGGCTTCA; TGAAGCCT; ATTAGGAA; TTCCTAAT; TATTAGGA; TCCTAATA
HOXA13	CCCCCCCC	GGGGGGGG	CCCCCCCC; GGGGGGGG; CCCCCCTC; GAGGGGGG; GGCGGGCG; CGCCCGCC; CTCGTAAA; TTTACGAG
HOXB13	TCGTAAAA	TTTTACGA	TCGTAAAA; TTTTACGA; TTTACGAG; CTCGTAAA; TTACGAGC; GCTCGTAA; TTTTATTG; CAATAAAA
HOXB2	GTTCTAGA	TCTAGAAC	GTTCTAGA; TCTAGAAC; TTCTAGAA; GTAATTAG; CTAATTAC; GCTAATTA; TAATTAGC; CTAATTAG
HOXB3	CTAATTAG	CTAATTAG	CTAATTAG; GCTAATTA; TAATTAGC; ACTAATTA; TAATTAGT; GTAATTAG; CTAATTAC; CTAATTAA
HOXB5	CCCCCCCC	GGGGGGGG	CCCCCCCC; GGGGGGGG; GGGGGCGG; CCGCCCCC; GGGGAGGG; CCCTCCCC; CCCGCCCC; GGGGCGGG
HOXC11	GTCGTAAA	TTTACGAC	GTCGTAAA; TTTACGAC; TCGTAAAA; TTTTACGA; GGTCGTAA; TTACGACC; TCGTTAAA; TTTAACGA
HOXC12	TCGTAAAA	TTTTACGA	TCGTAAAA; TTTTACGA; TTTACGAC; GTCGTAAA; TTACGACC; GGTCGTAA; AGTCGTAA; TTACGACT
HOXC13	CTCGTAAA	TTTACGAG	CTCGTAAA; TTTACGAG; TCGTAAAA; TTTTACGA; TTACGAGC; GCTCGTAA; TACGAGCT; AGCTCGTA
HOXD11	TTTTACGA	TCGTAAAA	TTTTACGA; TCGTAAAA; GTCGTAAA; TTTACGAC; TTACGACC; GGTCGTAA; GGGGGGGG; CCCCCCCC
HOXD12	AAATATTT	AAATATTT	AAATATTT; TTTACGAC; GTCGTAAA; AAAATTTT; AAAATTTA; TAAATTTT; TTTTACGA; TCGTAAAA
HOXD13	CTCGTAAA	TTTACGAG	CTCGTAAA; TTTACGAG; TCGTAAAA; TTTTACGA; TTACGAGG; CCTCGTAA; GCTCGTAA; TTACGAGC
HOXD8	ATTATGCA	TGCATAAT	ATTATGCA; TGCATAAT; TATGCATA; ATGCATAA; TTATGCAT; TAATTAGC; GCTAATTA; GAATATTC
HSF1	TTCTAGAA	TTCTAGAA	TTCTAGAA; GTTCTAGA; TCTAGAAC; ATTCTAGA; TCTAGAAT; TTCGAGAA; TTCTCGAA; CTAGAACA
HSF2	TTCTAGAA	TTCTAGAA	TTCTAGAA; GTTCTAGA; TCTAGAAC; TCTAGAAG; CTTCTAGA; ATTCTAGA; TCTAGAAT; TTCCAGAA
HSF4	TTCTAGAA	TTCTAGAA	TTCTAGAA; GAATGTTC; GAACATTC; AATGTTCT; AGAACATT; AGAATGTT; AACATTCT; GTTCTAGA
HSFY2	CGTTCGAA	TTCGAACG	CGTTCGAA; TTCGAACG; AAACGTTC; GAACGTTT; GTTTCGAA; TTCGAAAC; ACGTTCGA; TCGAACGT
Hic1	ATGCCAAC	GTTGGCAT	ATGCCAAC; GTTGGCAT; GTGCCAAC; GTTGGCAC; GGTTGGCA; TGCCAACC; CGTTGGCA; TGCCAACG
Hlf	CGTAATCA	TGATTACG	CGTAATCA; TGATTACG; CTGTTACG; CGTAACAG; CGTAATAG; CTATTACG; CGATTACG; CGTAATCG
Hoxa11	TAAAATTT	AAATTTTA	TAAAATTT; AAATTTTA; TTAAATTT; AAATTTAA; TCGTAAAA; TTTTACGA; GTCGTAAA; TTTACGAC
Hoxa2	GTAATTAA	TTAATTAC	GTAATTAA; TTAATTAC; CTAATTAG; AGTAATTA; TAATTACT; TAATTAGT; ACTAATTA; GTAATTAG
Hoxc10	CCCCCCCC	GGGGGGGG	CCCCCCCC; GGGGGGGG; TCGTAAAA; TTTTACGA; CCCCCCCT; AGGGGGGG; GTCGTAAA; TTTACGAC
Hoxd3	CCCGCCCG	CGGGCGGG	CCCGCCCG; CGGGCGGG; GCCCGCCC; GGGCGGGC; GCTAATTA; TAATTAGC; GGGGGGGC; GCCCCCCC
Hoxd9	GGGGGGGG	CCCCCCCC	GGGGGGGG; CCCCCCCC; TCGTAAAA; TTTTACGA; GTAATAAA; TTTATTAC; TTTATTGC; GCAATAAA
IRF3	TCGGTTTC	GAAACCGA	TCGGTTTC; GAAACCGA; CGGTTTCC; GGAAACCG; AACCGAAA; TTTCGGTT; AAACCGAA; TTCGGTTT
IRF4	TCGGTTTC	GAAACCGA	TCGGTTTC; GAAACCGA; AAACCGAA; TTCGGTTT; CGGTTTCG; CGAAACCG; AACCGAAA; TTTCGGTT
IRF5	GTTTCGGT	ACCGAAAC	GTTTCGGT; ACCGAAAC; GGTTTCGG; CCGAAACC; CCGAAACT; AGTTTCGG; CGAAACCA; TGGTTTCG
IRF7	CGAAAATC	GATTTTCG	CGAAAATC; GATTTTCG; CGATTTTC; GAAAATCG; AATCGATT; GAATTTCG; CGAAATTC; GAAATTCG
IRF8	CGGTTTCG	CGAAACCG	CGGTTTCG; CGAAACCG; TCGGTTTC; GAAACCGA; TTTCGGTT; AACCGAAA; TTCGGTTT; AAACCGAA
IRF9	CGGTTTCG	CGAAACCG	CGGTTTCG; CGAAACCG; GAAACCGA; TCGGTTTC; ACCGAAAC; GTTTCGGT; AACCGAAA; TTTCGGTT
IRX2	CCCACCCA	TGGGTGGG	CCCACCCA; TGGGTGGG; GGGTGGGT; ACCCACCC; GCCCACCC; GGGTGGGC; CCCACCCG; CGGGTGGG
IRX5	GGGAGGGC	GCCCTCCC	GGGAGGGC; GCCCTCCC; GGGCGGGC; GCCCGCCC; GGGTGGGC; GCCCACCC; ACCCACCC; GGGTGGGT
ISL2	CCCCCCCC	GGGGGGGG	CCCCCCCC; GGGGGGGG; GCACTCTA; TAGAGTGC; TTAGAGTG; CACTCTAA; ACTCTAAA; TTTAGAGT
ISX	TAATCTAA	TTAGATTA	TAATCTAA; TTAGATTA; TTGGCAAT; ATTGCCAA; ATTAGATT; AATCTAAT; TTAATTAG; CTAATTAA
Irx3	TGTTAACA	TGTTAACA	TGTTAACA; ACATGACA; TGTCATGT; AAACATGT; ACATGTTT; ACATGTAA; TTACATGT; ATGACATA
Jdp2	ATGACGTC	GACGTCAT	ATGACGTC; GACGTCAT; TGACGTCA; GATGACGT; ACGTCATC; GTGACGTC; GACGTCAC; CGTCATCA
KLF13	CGCCCCCT	AGGGGGCG	CGCCCCCT; AGGGGGCG; GCCCCCTT; AAGGGGGC; AGTGGGCG; CGCCCACT; GCCCACTT; AAGTGGGC
KLF14	CACGCCCC	GGGGCGTG	CACGCCCC; GGGGCGTG; CCACGCCC; GGGCGTGG; ACGCCCCC; GGGGGCGT; CGCCCCCT; AGGGGGCG
KLF16	GGCGTGGC	GCCACGCC	GGCGTGGC; GCCACGCC; ACGCCCCC; GGGGGCGT; CACGCCCC; GGGGCGTG; GGGCGTGG; CCACGCCC
Klf12	GGGCGTGG	CCACGCCC	GGGCGTGG; CCACGCCC; CACGCCCT; AGGGCGTG; TGGGCGTG; CACGCCCA; GGCGTGGT; ACCACGCC
LBX2	CTAATTAG	CTAATTAG	CTAATTAG; GCTAATTA; TAATTAGC; TTAATTGG; CCAATTAA; CTAATTAA; TTAATTAG; CCTAATTA
LEF1	GATCAAAG	CTTTGATC	GATCAAAG; CTTTGATC; TTTGATCT; AGATCAAA; CCTTTGAT; ATCAAAGG; AAGATCAA; TTGATCTT
LHX2	CTAATTAG	CTAATTAG	CTAATTAG; TAATTAGC; GCTAATTA; AATTAGCT; AGCTAATT; TAATTAGT; ACTAATTA; CAATTAGC
LHX6	CTAATTAG	CTAATTAG	CTAATTAG; GCTAATTA; TAATTAGC; ACTAATTA; TAATTAGT; ATTGCAAT; CACTAATT; AATTAGTG
LHX9	CTAATTAG	CTAATTAG	CTAATTAG; TAATTAGC; GCTAATTA; TTAATTAG; CTAATTAA; ACTAATTA; TAATTAGT; ATTAATTA
LMX1A	TTAATTAA	TTAATTAA	TTAATTAA; TAATTAAT; ATTAATTA; AATTAATT; TTTAATTA; TAATTAAA; AATTAAAT; ATTTAATT
LMX1B	GGAGGGGG	CCCCCTCC	GGAGGGGG; CCCCCTCC; CTCCCCCC; GGGGGGAG; GGCGGGAG; CTCCCGCC; CCTCCCCC; GGGGGAGG
Lhx4	GGGGGGGG	CCCCCCCC	GGGGGGGG; CCCCCCCC; GCCCCCCC; GGGGGGGC; GGGGCGGG; CCCGCCCC; GCGGCCGC; TTAATTAA
Lhx8	GGGGGGGG	CCCCCCCC	GGGGGGGG; CCCCCCCC; GTCAAAGG; CCTTTGAC; GACCTTTG; CAAAGGTC; GGTCAAAG; CTTTGACC
MAFF	GCTGACTC	GAGTCAGC	GCTGACTC; GAGTCAGC; GCTGAGTC; GACTCAGC; CTGAGTCA; TGACTCAG; TGAGTCAG; CTGACTCA
MAFG	CCCTTGCT	AGCAAGGG	CCCTTGCT; AGCAAGGG; GCAAGGGA; TCCCTTGC; AGAGAGAA; TTCTCTCT; TCTTCTCT; AGAGAAGA
MAFK	GAGTCAGC	GCTGACTC	GAGTCAGC; GCTGACTC; CTGACTCA; TGAGTCAG; TGACTCAG; CTGAGTCA; GACTCAGC; GCTGAGTC
MAX	ACGTGGTC	GACCACGT	ACGTGGTC; GACCACGT; ACGTGGTT; AACCACGT; ACCACGTG; CACGTGGT; AACACGTG; CACGTGTT
MEF2A	GGGGGGGC	GCCCCCCC	GGGGGGGC; GCCCCCCC; TGGGGGGG; CCCCCCCA; CTTGCGCG; CGCGCAAG; CCCACCAC; GTGGTGGG
MEF2B	GTTACTAT	ATAGTAAC	GTTACTAT; ATAGTAAC; ATAAATAG; CTATTTAT; ATTTTTAG; CTAAAAAT; TATTAATA; TATTTATA
MEF2D	ATTTTTAG	CTAAAAAT	ATTTTTAG; CTAAAAAT; ATTTATAG; CTATAAAT; TATTTATA; TATAAATA; TATTTTTA; TAAAAATA
MEIS1	ACAGCTGT	ACAGCTGT	ACAGCTGT; GACAGCTG; CAGCTGTC; AGCTGTCA; TGACAGCT; CAAAGATT; AATCTTTG; GTCAAGAA
MEOX1	TTAATTAC	GTAATTAA	TTAATTAC; GTAATTAA; ACTAATTA; TAATTAGT; GTAATTAG; CTAATTAC; GGTAATTA; TAATTACC
MEOX2	GTAATTAA	TTAATTAC	GTAATTAA; TTAATTAC; TAATTACC; GGTAATTA; GCTAATTA; TAATTAGC; TAATTACT; AGTAATTA
MESP1	CAGGTGTT	AACACCTG	CAGGTGTT; AACACCTG; ACACCTGC; GCAGGTGT; ACAGGTGC; GCACCTGT; CAGGTGCA; TGCACCTG
MGA	AGGTGTGA	TCACACCT	AGGTGTGA; TCACACCT; TTCACACC; GGTGTGAA; GTGTGAAA; TTTCACAC; GAAATTTC; AATTTCAC
MIXL1	CTAATTAG	CTAATTAG	CTAATTAG; TAATTAGC; GCTAATTA; TCTAATTA; TAATTAGA; CGCTAATT; AATTAGCG; CTAATTAA
MLX	CGTGATCA	TGATCACG	CGTGATCA; TGATCACG; GTGATCAC; GATCACGT; ACGTGATC; CGTGATCG; CGATCACG; TACTCCGA
MLXIPL	ACGTGATC	GATCACGT	ACGTGATC; GATCACGT; ATCACGTG; CACGTGAT; TCACGTGA; CGTGATCA; TGATCACG; GTGATCAC
MNT	AAAGGGAA	TTCCCTTT	AAAGGGAA; TTCCCTTT; GCACGTGC; CACGTGCT; AGCACGTG; CACGTGAC; GTCACGTG; TACACGTG
MNX1	GGGGGGGG	CCCCCCCC	GGGGGGGG; CCCCCCCC; AGGGGGGG; CCCCCCCT; GGGCGGGG; CCCCGCCC; ACCCCCCC; GGGGGGGT
MSC	CTAGAGCT	AGCTCTAG	CTAGAGCT; AGCTCTAG; GGGGGGGC; GCCCCCCC; AGCTAATT; AATTAGCT; GCCGCCGG; CCGGCGGC
MSX1	CAATTAAA	TTTAATTG	CAATTAAA; TTTAATTG; CCAATTAA; TTAATTGG; GCAATTAA; TTAATTGC; ACCAATTA; TAATTGGT
MSX2	TAATTGGT	ACCAATTA	TAATTGGT; ACCAATTA; AATTAAAA; TTTTAATT; TTTAATTG; CAATTAAA; TTAATTGG; CCAATTAA
MTF1	CGGCGAGG	CCTCGCCG	CGGCGAGG; CCTCGCCG; CGTGTGCA; TGCACACG; CCGCCGTA; TACGGCGG; TCGGCGAG; CTCGCCGA
MYBL1	CGTTAACG	CGTTAACG	CGTTAACG; TTAACGGT; ACCGTTAA; GTTAACGG; CCGTTAAC; TAACGGTT; AACCGTTA; TAACGGTC
MYBL2	CCGTTAAA	TTTAACGG	CCGTTAAA; TTTAACGG; ACCGTTAA; TTAACGGT; TAACGGTT; AACCGTTA; AACGGTTT; AAACCGTT
MYF6	ACAGCTGT	ACAGCTGT	ACAGCTGT; AGGGGGGG; CCCCCCCT; CAGCTGTT; AACAGCTG; CCCTCCCC; GGGGAGGG; CCCCTCCC
Mafb	GAGTCAGC	GCTGACTC	GAGTCAGC; GCTGACTC; CTGAGTCA; TGACTCAG; GACTCAGC; GCTGAGTC; TGAGTCAG; CTGACTCA
Meis2	TGACAGCT	AGCTGTCA	TGACAGCT; AGCTGTCA; CCTGTCAG; CTGACAGG; ACCTGTCA; TGACAGGT; TTGACAGC; GCTGTCAA
Meis3	TGACAGCT	AGCTGTCA	TGACAGCT; AGCTGTCA; CAGCTGTC; GACAGCTG; ACAGCTGT; TGACAGGT; ACCTGTCA; TTGACAGG
NEUROD2	CATATGGC	GCCATATG	CATATGGC; GCCATATG; CCATATGG; CCATATGT; ACATATGG; CATATGGT; ACCATATG; AACATATG
NEUROG2	TGACATAT	ATATGTCA	TGACATAT; ATATGTCA; TATGTCAC; GTGACATA; ACATATGT; GACATATG; CATATGTC; CGACATAT
NFAT5	GGTACGAC	GTCGTACC	GGTACGAC; GTCGTACC; GGCATATC; GATATGCC; CTAGCATT; AATGCTAG; GAGATCCA; TGGATCTC
NFATC1	TCCATGGA	TCCATGGA	TCCATGGA; CCATGGAA; TTCCATGG; TTTCCATG; CATGGAAA; TTTTCCAT; ATGGAAAA; ATTTTCCA
NFE2	TGACTCAT	ATGAGTCA	TGACTCAT; ATGAGTCA; ATGACTCA; TGAGTCAT; GATGAGTC; GACTCATC; GAGTCATC; GATGACTC
NFIA	TTGGCACG	CGTGCCAA	TTGGCACG; CGTGCCAA; GTTGGCAC; GTGCCAAC; GCAACGTG; CACGTTGC; CTTGGCAC; GTGCCAAG
NFIB	AGTGCCAA	TTGGCACT	AGTGCCAA; TTGGCACT; TTGCCAAG; CTTGGCAA; TTTGGCAC; GTGCCAAA; TTGGCACG; CGTGCCAA
NFIL3	ACGTAATA	TATTACGT	ACGTAATA; TATTACGT; ATTACGTA; TACGTAAT; TTACGTAA; GATTACGT; ACGTAATC; GTTACGTA
NFIX	GGCACCGT	ACGGTGCC	GGCACCGT; ACGGTGCC; GCACCGTG; CACGGTGC; TGGCACCG; CGGTGCCA; CACGTTGC; GCAACGTG
NFKB1	AAGGGGAT	ATCCCCTT	AAGGGGAT; ATCCCCTT; AAAGGGGA; TCCCCTTT; AGGGGATT; AATCCCCT; TTCCCCTT; AAGGGGAA
NFKB2	GGGGAATC	GATTCCCC	GGGGAATC; GATTCCCC; GGATTCCC; GGGAATCC; GGGATTCC; GGAATCCC; GAATCCCC; GGGGATTC
NHLH1	GCAGCTGC	GCAGCTGC	GCAGCTGC; CAGCTGCG; CGCAGCTG; ACGCAGCT; AGCTGCGT; GCGCAGCT; AGCTGCGC; AGCAGCTG
NKX2-3	AACCACTT	AAGTGGTT	AACCACTT; AAGTGGTT; CCACTTGA; TCAAGTGG; CCACTTAA; TTAAGTGG; ACCACTTA; TAAGTGGT
NKX2-8	AGTGCACT	AGTGCACT	AGTGCACT; AGTGCCAC; GTGGCACT; GTGCCACT; AGTGGCAC; CTTAAGTG; CACTTAAG; ACTTAAGT
NKX3-1	TAAGTACC	GGTACTTA	TAAGTACC; GGTACTTA; TTAAGTGG; CCACTTAA; AGTGGTAC; GTACCACT; CCACTTAG; CTAAGTGG
NKX3-2	GTGGCCAC	GTGGCCAC	GTGGCCAC; CCACTTAA; TTAAGTGG; GCCACTTA; TAAGTGGC; CACTTAAG; CTTAAGTG; GTGCCACT
NKX6-1	GACCACCC	GGGTGGTC	GACCACCC; GGGTGGTC; CGACCACC; GGTGGTCG; TTAATTAC; GTAATTAA; TTAATGAC; GTCATTAA
NKX6-2	ATTAATTA	TAATTAAT	ATTAATTA; TAATTAAT; AATTAATT; ATTAATTG; CAATTAAT; ATTAATGA; TCATTAAT; CTCATTAA
NOTO	CTAATTAG	CTAATTAG	CTAATTAG; TAATTAGG; CCTAATTA; TAATTAGC; GCTAATTA; ACTAATTA; TAATTAGT; CGCTAATT
NR2C2	GGTCAAAG	CTTTGACC	GGTCAAAG; CTTTGACC; CCTTTGAC; GTCAAAGG; TCAAAGGT; ACCTTTGA; GACCTTTG; CAAAGGTC
NR2E1	CCCCCCCC	GGGGGGGG	CCCCCCCC; GGGGGGGG; GGGGAGGG; CCCTCCCC; GGGGGGAG; CTCCCCCC; TCCCCCCC; GGGGGGGA
NR2F1	CTTTGACC	GGTCAAAG	CTTTGACC; GGTCAAAG; TTTGACCT; AGGTCAAA; TTTGACCC; GGGTCAAA; GTCAAAGG; CCTTTGAC
NR3C1	ACATTGTG	CACAATGT	ACATTGTG; CACAATGT; ACATCGTG; CACGATGT; CATCGTGT; ACACGATG; ACACAATG; CATTGTGT
NR3C2	CACAATGT	ACATTGTG	CACAATGT; ACATTGTG; ACATTATG; CATAATGT; CATTGTGT; ACACAATG; ACATAATG; CATTATGT
NR4A2	TGACCTTT	AAAGGTCA	TGACCTTT; AAAGGTCA; TAAAGGTC; GACCTTTA; AAGGTCAA; TTGACCTT; TTAAAGGT; ACCTTTAA
NRF1	CGCATGCG	CGCATGCG	CGCATGCG; GCATGCGC; GCGCATGC; TGCGCATG; CATGCGCA; CTGCGCAT; ATGCGCAG; ATGCGCAT
NRL	CTGAGTCA	TGACTCAG	CTGAGTCA; TGACTCAG; TGAGTCAG; CTGACTCA; GACTCAGC; GCTGAGTC; GCTGACTC; GAGTCAGC
Nr2f6	ACCTTTGA	TCAAAGGT	ACCTTTGA; TCAAAGGT; GTCAAAGG; CCTTTGAC; GACCTTTG; CAAAGGTC; GGTCAAAG; CTTTGACC
OLIG1	CATATGTT	AACATATG	CATATGTT; AACATATG; ACCATATG; CATATGGT; ATATGTTT; AAACATAT; ACATATGT; CCATATGT
OLIG2	AACATATG	CATATGTT	AACATATG; CATATGTT; CATATGGT; ACCATATG; ATATGTTT; AAACATAT; ACATATGT; CCATATGG
OLIG3	AACATATG	CATATGTT	AACATATG; CATATGTT; CATATGGT; ACCATATG; CCATATGT; ACATATGG; AAACATAT; ATATGTTT
ONECUT1	ATCGATAA	TTATCGAT	ATCGATAA; TTATCGAT; AAAAATCG; CGATTTTT; ATTATCGA; TCGATAAT; TCGATTTT; AAAATCGA
ONECUT2	TCGATTTT	AAAATCGA	TCGATTTT; AAAATCGA; CGATTTTT; AAAAATCG; TCGATAAT; ATTATCGA; TTATCGAT; ATCGATAA
ONECUT3	AAAAAATC	GATTTTTT	AAAAAATC; GATTTTTT; ATCGATTT; AAATCGAT; AAATCAAT; ATTGATTT; TCGATTTT; AAAATCGA
OTX2	TCGGATTA	TAATCCGA	TCGGATTA; TAATCCGA; AATCGGAT; ATCCGATT; TAATCGGA; TCCGATTA; AATCCGAT; ATCGGATT
Otx1	TAATCGGA	TCCGATTA	TAATCGGA; TCCGATTA; ATCCGATT; AATCGGAT; AATCCGAT; ATCGGATT; TCGGATTA; TAATCCGA
PAX1	GCGTGACG	CGTCACGC	GCGTGACG; CGTCACGC; AGCGTGAC; GTCACGCT; GCGTGACC; GGTCACGC; TGCGTGAC; GTCACGCA
PAX2	GTCACGCA	TGCGTGAC	GTCACGCA; TGCGTGAC; GCGTGACG; CGTCACGC; CATGCGTG; CACGCATG; TCACGCAT; ATGCGTGA
PAX3	ATCGATTA	TAATCGAT	ATCGATTA; TAATCGAT; AATCGATT; TCGATTAT; ATAATCGA; TTAATCGA; TCGATTAA; GATAATCG
PAX4	CTAATTAG	CTAATTAG	CTAATTAG; TAATTAAT; ATTAATTA; TAATTAGC; GCTAATTA; TAATTCGA; TCGAATTA; TAATTAGT
PAX5	ATGCGTGA	TCACGCAT	ATGCGTGA; TCACGCAT; TCATGCGT; ACGCATGA; ACGCTTGA; TCAAGCGT; GTCACGCT; AGCGTGAC
PAX6	ACGCATGA	TCATGCGT	ACGCATGA; TCATGCGT; CGCATGAG; CTCATGCG; ACGCTTGA; TCAAGCGT; CACGCATG; CATGCGTG
PAX7	TAATCGAT	ATCGATTA	TAATCGAT; ATCGATTA; AATCGATT; ATAATCGA; TCGATTAT; TAATCAAT; ATTGATTA; TCGATTAA
PAX9	CGTCACGC	GCGTGACG	CGTCACGC; GCGTGACG; GGTCACGC; GCGTGACC; GTCACGCT; AGCGTGAC; TCGTCACG; CGTGACGA
PDX1	GACAGTCG	CGACTGTC	GACAGTCG; CGACTGTC; GACGACTG; CAGTCGTC; CTGTCAGG; CCTGACAG; CGACGACT; AGTCGTCG
PHOX2A	TAATTAGA	TCTAATTA	TAATTAGA; TCTAATTA; TTAGATTA; TAATCTAA; TTTAATTA; TAATTAAA; TAATTCAA; TTGAATTA
PHOX2B	TAATTAGA	TCTAATTA	TAATTAGA; TCTAATTA; AATTAGAT; ATCTAATT; TAATCTAA; TTAGATTA; ATTAGATT; AATCTAAT
PITX1	TTAATCCT	AGGATTAA	TTAATCCT; AGGATTAA; TTAATCCC; GGGATTAA; CTTAATCC; GGATTAAG; GGATTAAT; ATTAATCC
PITX3	TTAATCCC	GGGATTAA	TTAATCCC; GGGATTAA; CCTTTAAT; ATTAAAGG; CTTAATCC; GGATTAAG; CCCTTAAT; ATTAAGGG
PKNOX1	ACAGCTGT	ACAGCTGT	ACAGCTGT; CAGCTGTC; GACAGCTG; AGCTGTCA; TGACAGCT; GCTGTCAA; TTGACAGC; CAGGTGTC
POU1F1	GGGGGGGG	CCCCCCCC	GGGGGGGG; CCCCCCCC; GGGGGTGG; CCACCCCC; GGGGTGGG; CCCACCCC; CCCCCTCC; GGAGGGGG
POU2F1	TTTGCATA	TATGCAAA	TTTGCATA; TATGCAAA; AATTTGCA; TGCAAATT; ATGCAAAT; ATTTGCAT; TTATGCAA; TTGCATAA
POU2F3	CTAATTTG	CAAATTAG	CTAATTTG; CAAATTAG; CAAATTTG; TAAATTTG; CAAATTTA; CCTAATTT; AAATTAGG; CTCATTTG
POU3F1	GAATATTC	GAATATTC	GAATATTC; TCATGAAT; ATTCATGA; TAGCATAA; TTATGCTA; TATTCATG; CATGAATA; TTCATGAG
POU3F2	GGGGGGGG	CCCCCCCC	GGGGGGGG; CCCCCCCC; AAGACGGC; GCCGTCTT; AGACGGCA; TGCCGTCT; GACGGCAT; ATGCCGTC
POU3F3	AATTATGC	GCATAATT	AATTATGC; GCATAATT; ATGCAAAT; ATTTGCAT; TAATTATG; CATAATTA; ATTAATTA; TAATTAAT
POU3F4	TAATTTAT	ATAAATTA	TAATTTAT; ATAAATTA; TATGCAAA; TTTGCATA; TATGCTAA; TTAGCATA; AATTATGC; GCATAATT
POU4F1	TAATTAAT	ATTAATTA	TAATTAAT; ATTAATTA; TTAATTAT; ATAATTAA; GAATAATT; AATTATTC; CATTAATT; AATTAATG
POU4F2	TTAATTAT	ATAATTAA	TTAATTAT; ATAATTAA; TAATTAAT; ATTAATTA; CATTAATT; AATTAATG; ATTATGCA; TGCATAAT
POU4F3	TAATTAAT	ATTAATTA	TAATTAAT; ATTAATTA; ATAATTAA; TTAATTAT; TAATTATT; AATAATTA; AATTATTC; GAATAATT
POU5F1P1	GCATATGC	GCATATGC	GCATATGC; ATATGCAA; TTGCATAT; GCATATTC; GAATATGC; TATGCAAA; TTTGCATA; AATTTGCA
POU6F2	CTAATTAG	CTAATTAG	CTAATTAG; TAATTAGC; GCTAATTA; AATTAGCT; AGCTAATT; GTAATTAG; CTAATTAC; ATTAGCTC
PRDM1	CTTTCACT	AGTGAAAG	CTTTCACT; AGTGAAAG; ACTTTCAC; GTGAAAGT; GAAAGTGA; TCACTTTC; AAAGTGAA; TTCACTTT
PRDM4	TCAAGGCC	GGCCTTGA	TCAAGGCC; GGCCTTGA; GGGGCCTT; AAGGCCCC; TTCAAGGC; GCCTTGAA; AGGCCCCC; GGGGGCCT
PROP1	GGGGGGGG	CCCCCCCC	GGGGGGGG; CCCCCCCC; AATTACTC; GAGTAATT; TTACTCGT; ACGAGTAA; ACTACGAG; CTCGTAGT
PROX1	AGACGTCT	AGACGTCT	AGACGTCT; GACGTCTT; AAGACGTC; TAAGACGT; ACGTCTTA; AGACGCCT; AGGCGTCT; AAGGCGTC
PRRX1	TTAGATTA	TAATCTAA	TTAGATTA; TAATCTAA; CGATTTTC; GAAAATCG; ATTAGATT; AATCTAAT; ATCTAATT; AATTAGAT
Pknox2	CAGCTGTC	GACAGCTG	CAGCTGTC; GACAGCTG; ACAGCTGT; AGCTGTCA; TGACAGCT; TTGACAGC; GCTGTCAA; CTGTCAAA
Pou2f2	GAATATTC	GAATATTC	GAATATTC; TGAATATT; AATATTCA; ATGAATAT; ATATTCAT; GAATATGC; GCATATTC; CATATTCA
Prrx2	CTAATTAG	CTAATTAG	CTAATTAG; CTAATTAA; TTAATTAG; TTAATTAA; TAATTAGA; TCTAATTA; ATTAATTA; TAATTAAT
RARA	CCTCGTGC	GCACGAGG	CCTCGTGC; GCACGAGG; AAAGGTCA; TGACCTTT; CTCGTGCA; TGCACGAG; GCGGCCAT; ATGGCCGC
RAX	TAATTGGC	GCCAATTA	TAATTGGC; GCCAATTA; AATTGGCA; TGCCAATT; TTAATTGG; CCAATTAA; GTTAATTA; TAATTAAC
RAXL1	CTAATTAA	TTAATTAG	CTAATTAA; TTAATTAG; TTAATTAA; ATTTAATT; AATTAAAT; ATTAAATT; AATTTAAT; TTTAATTA
RFX2	GCCATGGC	GCCATGGC	GCCATGGC; TGCCATGG; CCATGGCA; TTGCCATG; CATGGCAA; GTTGCCAT; ATGGCAAC; CCATGGTA
RFX4	ACGGAGAG	CTCTCCGT	ACGGAGAG; CTCTCCGT; TCTCCGTT; AACGGAGA; TTACCGTA; TACGGTAA; GCTCTAGT; ACTAGAGC
RFX5	CATGGCAA	TTGCCATG	CATGGCAA; TTGCCATG; CCATGGCA; TGCCATGG; GTTGCCAT; ATGGCAAC; CCATGGTA; TACCATGG
RHOXF1	GGATTATC	GATAATCC	GGATTATC; GATAATCC; GATTATCC; GGATAATC; CCCCCCCC; GGGGGGGG; GGATCATC; GATGATCC
RORA	CCTCCCCC	GGGGGAGG	CCTCCCCC; GGGGGAGG; GGGAGGGG; CCCCTCCC; GAGGGGGA; TCCCCCTC; GGAGGGGG; CCCCCTCC
RUNX2	GGGGGGGG	CCCCCCCC	GGGGGGGG; CCCCCCCC; CCCACCCC; GGGGTGGG; CCCCGCCC; GGGCGGGG; CCGCCCCC; GGGGGCGG
RUNX3	AACCGCAA	TTGCGGTT	AACCGCAA; TTGCGGTT; ACCGCAAA; TTTGCGGT; AAACCGCA; TGCGGTTT; TTTTGCGG; CCGCAAAA
RXRA	AAGTCCCT	AGGGACTT	AAGTCCCT; AGGGACTT; TTAAGTCC; GGACTTAA; GACTTAAC; GTTAAGTC; TCCCTGCG; CGCAGGGA
RXRB	ACCTTTGA	TCAAAGGT	ACCTTTGA; TCAAAGGT; TGACCTTT; AAAGGTCA; CAAAGGTC; GACCTTTG; GGTCAAAG; CTTTGACC
RXRG	TCAAAGGT	ACCTTTGA	TCAAAGGT; ACCTTTGA; CCTTTGAC; GTCAAAGG; CTTTGACC; GGTCAAAG; GACCTTTG; CAAAGGTC
Rarb	CTTTTGAC	GTCAAAAG	CTTTTGAC; GTCAAAAG; AGGTCAAA; TTTGACCT; TTTTGACC; GGTCAAAA; AAAGGTCA; TGACCTTT
Rarg	CTTTTGAC	GTCAAAAG	CTTTTGAC; GTCAAAAG; TTTTGACC; GGTCAAAA; TGACCTTT; AAAGGTCA; CCTTTTGA; TCAAAAGG
Rfx3	GTTGCCAT	ATGGCAAC	GTTGCCAT; ATGGCAAC; CATGGCAA; TTGCCATG; CAACCGTT; AACGGTTG; GCAACCGT; ACGGTTGC
SCRT1	CCTGTTGC	GCAACAGG	CCTGTTGC; GCAACAGG; CAACAGGT; ACCTGTTG; CCACCTGT; ACAGGTGG; CACCTGTT; AACAGGTG
SCRT2	CACCTGTT	AACAGGTG	CACCTGTT; AACAGGTG; ACCTGTTG; CAACAGGT; GCAACAGG; CCTGTTGC; CTGTTGCA; TGCAACAG
SHOX	CTAATTAG	CTAATTAG	CTAATTAG; ACTAATTA; TAATTAGT; CTAATTAA; TTAATTAG; GCTAATTA; TAATTAGC; TTAATTAA
SHOX2	TTAATTAG	CTAATTAA	TTAATTAG; CTAATTAA; TAATTAAC; GTTAATTA; CTAATTAG; ACTAATTA; TAATTAGT; TTAATTAA
SMAD3	GTCTAGAC	GTCTAGAC	GTCTAGAC; TGTCTAGA; TCTAGACA; CGTCTAGA; TCTAGACG; CTAGACAT; ATGTCTAG; CTAGACAG
SNAI2	AACAGGTG	CACCTGTT	AACAGGTG; CACCTGTT; ACAGGTGC; GCACCTGT; GACAGGTG; CACCTGTC; TGCACCTG; CAGGTGCA
SOX14	GGGGGGGG	CCCCCCCC	GGGGGGGG; CCCCCCCC; CCCTCCCC; GGGGAGGG; CCCGCCCC; GGGGCGGG; GGGAGGGG; CCCCTCCC
SOX15	GGGGGAGG	CCTCCCCC	GGGGGAGG; CCTCCCCC; TGGGGGGG; CCCCCCCA; CCCTCCCC; GGGGAGGG; CCCCCCCC; GGGGGGGG
SOX18	AATGCAAT	ATTGCATT	AATGCAAT; ATTGCATT; TGCAATTG; CAATTGCA; ATGCAATT; AATTGCAT; ACAATTGC; GCAATTGT
SOX2	AATGTTAT	ATAACATT	AATGTTAT; ATAACATT; ATGTTATT; AATAACAT; ATACCATT; AATGGTAT; ATGGTATT; AATACCAT
SOX21	TACCATTG	CAATGGTA	TACCATTG; CAATGGTA; TAACATTG; CAATGTTA; AATGGTAT; ATACCATT; AATTGCAG; CTGCAATT
SOX4	GGGGGGGG	CCCCCCCC	GGGGGGGG; CCCCCCCC; CCCGCCCC; GGGGCGGG; CCCCACCC; GGGTGGGG; CCCACCCC; GGGGTGGG
SOX7	TTGCAGTG	CACTGCAA	TTGCAGTG; CACTGCAA; TGCAGTGT; ACACTGCA; CAATTGCA; TGCAATTG; AATTGCAG; CTGCAATT
SOX8	CTGCAATT	AATTGCAG	CTGCAATT; AATTGCAG; ACTGCAAT; ATTGCAGT; CAATTGCA; TGCAATTG; ACTGAAAT; ATTTCAGT
SOX9	GGATACAT	ATGTATCC	GGATACAT; ATGTATCC; ATCCATTG; CAATGGAT; GTATCCAT; ATGGATAC; CCATTGTT; AACAATGG
SP1	AAGCCACG	CGTGGCTT	AAGCCACG; CGTGGCTT; GGCGTGGC; GCCACGCC; AGCCACGC; GCGTGGCT; GGCCACGC; GCGTGGCC
SP3	GTGGGCGT	ACGCCCAC	GTGGGCGT; ACGCCCAC; GCCACGCC; GGCGTGGC; GGGGGCGT; ACGCCCCC; GCGTGGCC; GGCCACGC
SP4	GGGCGTGG	CCACGCCC	GGGCGTGG; CCACGCCC; GGCGTGGC; GCCACGCC; GCGTGGCT; AGCCACGC; GTGGGCGT; ACGCCCAC
SP8	CCACGCCC	GGGCGTGG	CCACGCCC; GGGCGTGG; ACCACGCC; GGCGTGGT; GGGGCGTG; CACGCCCC; GCCACGCC; GGCGTGGC
SPDEF	TACTTCTT	AAGAAGTA	TACTTCTT; AAGAAGTA; AAAGAAGT; ACTTCTTT; ATCCGGGA; TCCCGGAT; AGAAGTAT; ATACTTCT
SPI1	CCGCTTTT	AAAAGCGG	CCGCTTTT; AAAAGCGG; TCCGCTTT; AAAGCGGA; CGCTTTTT; AAAAAGCG; TTCCGCTT; AAGCGGAA
SPIB	CGCTTTTT	AAAAAGCG	CGCTTTTT; AAAAAGCG; CCGCTTTT; AAAAGCGG; TCCGCTTT; AAAGCGGA; AAAAAGAG; CTCTTTTT
SPIC	GGGGGGGG	CCCCCCCC	GGGGGGGG; CCCCCCCC; CCCTCCCC; GGGGAGGG; TGGGGGGG; CCCCCCCA; TCCCCCCC; GGGGGGGA
SREBF2	ATCACGTG	CACGTGAT	ATCACGTG; CACGTGAT; TCACGTGA; ACGTGATC; GATCACGT; GTCACGTG; CACGTGAC; ACGTGACA
SRF	CCATATAT	ATATATGG	CCATATAT; ATATATGG; ACCATATA; TATATGGT; CATATATG; CTTATATG; CATATAAG; CTTATAAG
SRY	TAACATTG	CAATGTTA	TAACATTG; CAATGTTA; CAATAACA; TGTTATTG; GTTATTGT; ACAATAAC; AATGTTAT; ATAACATT
Sox1	ATAACATT	AATGTTAT	ATAACATT; AATGTTAT; ATACCATT; AATGGTAT; AATAACAT; ATGTTATT; GGGAGGGG; CCCCTCCC
Sox10	AATTGCAG	CTGCAATT	AATTGCAG; CTGCAATT; AATTTCAG; CTGAAATT; ATTGCAGT; ACTGCAAT; CAATTGAT; ATCAATTG
Sox11	ATTTCAGT	ACTGAAAT	ATTTCAGT; ACTGAAAT; AATTTCAG; CTGAAATT; TGAAATTG; CAATTTCA; CACTGAAA; TTTCAGTG
Sox17	TGCAATTG	CAATTGCA	TGCAATTG; CAATTGCA; GCAATTGT; ACAATTGC; ATGCAATT; AATTGCAT; AACAATTG; CAATTGTT
Sox3	TAACATTG	CAATGTTA	TAACATTG; CAATGTTA; ACAATGTT; AACATTGT; AATGTTAT; ATAACATT; ACATTGTT; AACAATGT
Srebf1	TCACGTGA	TCACGTGA	TCACGTGA; ATCACGTG; CACGTGAT; CACGTGAC; GTCACGTG; GATCACGT; ACGTGATC; CATCACGT
T	ACCTAGGT	ACCTAGGT	ACCTAGGT; CCTAGGTG; CACCTAGG; CTAGGTGT; ACACCTAG; AGGTGTGA; TCACACCT; CACACCTA
TBR1	AGGTGTGA	TCACACCT	AGGTGTGA; TCACACCT; GGTGTGAA; TTCACACC; GTGTGAAA; TTTCACAC; CACACCTT; AAGGTGTG
TBX1	CCTCGTGA	TCACGAGG	CCTCGTGA; TCACGAGG; TTCACGAG; CTCGTGAA; CACGAGGA; TCCTCGTG; GGTCCTCG; CGAGGACC
TBX15	TCACACCT	AGGTGTGA	TCACACCT; AGGTGTGA; TTCACACC; GGTGTGAA; TTTCACAC; GTGTGAAA; TGTGAAAT; ATTTCACA
TBX19	ACCTAGGT	ACCTAGGT	ACCTAGGT; CACCTAGG; CCTAGGTG; CACACCTA; TAGGTGTG; ACACCTAG; CTAGGTGT; AGGTGTGA
TBX2	TCACACCT	AGGTGTGA	TCACACCT; AGGTGTGA; TTCACACC; GGTGTGAA; TTTCACAC; GTGTGAAA; AGGTGTCA; TGACACCT
TBX20	TTCACACC	GGTGTGAA	TTCACACC; GGTGTGAA; TCACACCT; AGGTGTGA; AAGGTGTG; CACACCTT; GTGTGAAG; CTTCACAC
TBX21	AGGTGTGA	TCACACCT	AGGTGTGA; TCACACCT; CACACCTT; AAGGTGTG; GGTGTGAA; TTCACACC; GTGTGAAA; TTTCACAC
TBX4	TCACACCT	AGGTGTGA	TCACACCT; AGGTGTGA; GTGTGAAA; TTTCACAC; TTCACACC; GGTGTGAA; TGTGAAAT; ATTTCACA
TBX5	TCACACCT	AGGTGTGA	TCACACCT; AGGTGTGA; TTCACACC; GGTGTGAA; TGTGATAA; TTATCACA; TATCACAC; GTGTGATA
TCF3	CAGGTGTT	AACACCTG	CAGGTGTT; AACACCTG; CGCCAGGT; ACCTGGCG; CAGGTGCA; TGCACCTG; ACCTGACA; TGTCAGGT
TCF4	CAGGTGCA	TGCACCTG	CAGGTGCA; TGCACCTG; GTGCACCT; AGGTGCAC; GGTGCACC; CTGCACCT; AGGTGCAG; CAGGTGCG
TCF7L1	GCGTCCCG	CGGGACGC	GCGTCCCG; CGGGACGC; TCGGGGCG; CGCCCCGA; GCCCCGAT; ATCGGGGC; ATCCCGGG; CCCGGGAT
TEAD1	CCCCCCCC	GGGGGGGG	CCCCCCCC; GGGGGGGG; GAGGGGGG; CCCCCCTC; AGGGGGGG; CCCCCCCT; GGGGAGGG; CCCTCCCC
TEAD3	CACATTCC	GGAATGTG	CACATTCC; GGAATGTG; TGGAATGT; ACATTCCA; AGGAATGT; ACATTCCT; CATTCCAC; GTGGAATG
TEAD4	ACATTCCA	TGGAATGT	ACATTCCA; TGGAATGT; CACATTCC; GGAATGTG; ACATTCCT; AGGAATGT; AACATTCC; GGAATGTT
TEF	CGGGTCGC	GCGACCCG	CGGGTCGC; GCGACCCG; GAGCGACC; GGTCGCTC; CGACCCGT; ACGGGTCG; GACCCGTG; CACGGGTC
TFAP2A	GCCTGGGG	CCCCAGGC	GCCTGGGG; CCCCAGGC; CCTGGGGC; GCCCCAGG; CCTGAGGC; GCCTCAGG; GCCTGAGG; CCTCAGGC
TFAP2B	CCTGGGGC	GCCCCAGG	CCTGGGGC; GCCCCAGG; CCTGAGGC; GCCTCAGG; CCTCAGGC; GCCTGAGG; CCTCGGGC; GCCCGAGG
TFAP2C	CGCCTCAG	CTGAGGCG	CGCCTCAG; CTGAGGCG; CCTGAGGC; GCCTCAGG; CCCTGAGG; CCTCAGGG; GCCTGAGG; CCTCAGGC
TFAP4	AAACAGCT	AGCTGTTT	AAACAGCT; AGCTGTTT; AACAGCTG; CAGCTGTT; AGCTGTTC; GAACAGCT; GCTGTTTT; AAAACAGC
TFCP2	AACCGGTT	AACCGGTT	AACCGGTT; ACCGGTTT; AAACCGGT; GAACCGGT; ACCGGTTC; ATCCGGTT; AACCGGAT; AAACCGGA
TFE3	TCACGTGA	TCACGTGA	TCACGTGA; CACGTGAC; GTCACGTG; TGTCACGT; ACGTGACA; CTGTCACG; CGTGACAG; ACGTGACT
TFEB	TCACGTGA	TCACGTGA	TCACGTGA; CACGTGAC; GTCACGTG; AGTCACGT; ACGTGACT; ACGTGACC; GGTCACGT; TGTCACGT
TFEC	GTCACGTG	CACGTGAC	GTCACGTG; CACGTGAC; TCACGTGA; GGGGGGGG; CCCCCCCC; CCCTCCCC; GGGGAGGG; TCCCCCCC
TGIF1	CAGCTGTC	GACAGCTG	CAGCTGTC; GACAGCTG; AGCTGTCA; TGACAGCT; ACAGCTGT; GCTGTCAA; TTGACAGC; TTTGACAG
TGIF2	ACAGCTGT	ACAGCTGT	ACAGCTGT; CAGCTGTC; GACAGCTG; AGCTGTCA; TGACAGCT; TTGACAGC; GCTGTCAA; GCTGTCAT
TGIF2LX	ACAGCTGT	ACAGCTGT	ACAGCTGT; CAGCTGTC; GACAGCTG; TGACAGCT; AGCTGTCA; GCTGTCAG; CTGACAGC; ATGACAGC
THRA	CCCCCCCC	GGGGGGGG	CCCCCCCC; GGGGGGGG; GCATACGA; TCGTATGC; ATCGTATG; CATACGAT; GTATCGTA; TACGATAC
THRB	TGACCTTA	TAAGGTCA	TGACCTTA; TAAGGTCA; ATAAGGTC; GACCTTAT; TGAGGTCA; TGACCTCA; AAGGTCAC; GTGACCTT
TP63	GACATGTC	GACATGTC	GACATGTC; GTTGCAAC; ACATGTCA; TGACATGT; ACATGTTG; CAACATGT; GTCACAAC; GTTGTGAC
Tcf21	ACCCACCC	GGGTGGGT	ACCCACCC; GGGTGGGT; ACCCCCCC; GGGGGGGT; TGGGGGGG; CCCCCCCA; GGGTGGGG; CCCCACCC
Tcf7	CGGATGAC	GTCATCCG	CGGATGAC; GTCATCCG; CCGTCATC; GATGACGG; CGCCCCGT; ACGGGGCG; GGATGACG; CGTCATCC
Tp53	GCCCGGGC	GCCCGGGC	GCCCGGGC; TGCCCGGG; CCCGGGCA; GACATGTC; ATGCCCGG; CCGGGCAT; CATGCCCG; CGGGCATG
Tp73	GTCCAGAC	GTCTGGAC	GTCCAGAC; GTCTGGAC; GACATGTC; CATGTCTG; CAGACATG; ACATGTCT; AGACATGT; GGCATGCC
USF1	TCACGTGA	TCACGTGA	TCACGTGA; GGTCACGT; ACGTGACC; GTCACGTG; CACGTGAC; AGGTCACG; CGTGACCT; ACGTGACT
Uncx	TAAATTAG	CTAATTTA	TAAATTAG; CTAATTTA; TTAAATTA; TAATTTAA; ATTAAATT; AATTTAAT; TTTAATTA; TAATTAAA
VAX1	CTAATTAG	CTAATTAG	CTAATTAG; CACTAATT; AATTAGTG; TAATTAGC; GCTAATTA; CGCTAATT; AATTAGCG; GTAATTAG
VAX2	CTAATTAG	CTAATTAG	CTAATTAG; GCTAATTA; TAATTAGC; TAATTAGG; CCTAATTA; CTAATTAC; GTAATTAG; GGTAATTA
VDR	CAATGAAC	GTTCATTG	CAATGAAC; GTTCATTG; TTCATTGA; TCAATGAA; TCATTGAG; CTCAATGA; CGATGAAC; GTTCATCG
VENTX	GCTAATCG	CGATTAGC	GCTAATCG; CGATTAGC; AATCGTTT; AAACGATT; CTAATCGT; ACGATTAG; AACGATTA; TAATCGTT
VSX2	CTAATTAG	CTAATTAG	CTAATTAG; TAATTAGC; GCTAATTA; AATTAGCC; GGCTAATT; AATTAGCT; AGCTAATT; TTAATTAG
Vsx1	CTAATTAG	CTAATTAG	CTAATTAG; GGCTAGCC; CTAATTAA; TTAATTAG; TTAATTAA; TAATTAGC; GCTAATTA; TAATTAGA
XBP1	ACGTCATC	GATGACGT	ACGTCATC; GATGACGT; ATGACGTG; CACGTCAT; GCCACGTC; GACGTGGC; TGACGTGG; CCACGTCA
YY1	TAATGGCG	CGCCATTA	TAATGGCG; CGCCATTA; CCATTTTG; CAAAATGG; TTAATGGC; GCCATTAA; AAAATGGC; GCCATTTT
YY2	ATGGCGGC	GCCGCCAT	ATGGCGGC; GCCGCCAT; CCGCCATC; GATGGCGG; AATGGCGG; CCGCCATT; GGCGGGAC; GTCCCGCC
ZBED1	CGCGACAT	ATGTCGCG	CGCGACAT; ATGTCGCG; TATGTCGC; GCGACATA; TCGCGACA; TGTCGCGA; CATGTCGC; GCGACATG
ZBTB49	GCTAATTA	TAATTAGC	GCTAATTA; TAATTAGC; CAGGCGAA; TTCGCCTG; CTAATTAG; GCCAATTA; TAATTGGC; CGTCACCG
ZBTB7A	TTCCCTTT	AAAGGGAA	TTCCCTTT; AAAGGGAA; TCTCTCCT; AGGAGAGA; TATCATTC; GAATGATA; GAAAGAAG; CTTCTTTC
ZBTB7B	GACCACCG	CGGTGGTC	GACCACCG; CGGTGGTC; TGGTCGCC; GGCGACCA; GTCGACCA; TGGTCGAC; GGTCGACG; CGTCGACC
ZBTB7C	GGGGGGGG	CCCCCCCC	GGGGGGGG; CCCCCCCC; AGGGGGGG; CCCCCCCT; CCCCCCTC; GAGGGGGG; GGGGGGGA; TCCCCCCC
ZIC1	CCCCGCTG	CAGCGGGG	CCCCGCTG; CAGCGGGG; AGCGGGGG; CCCCCGCT; CCCTGCTG; CAGCAGGG; CCCCCCGC; GCGGGGGG
ZIC4	CAGCGGGG	CCCCGCTG	CAGCGGGG; CCCCGCTG; CCCGCTGT; ACAGCGGG; CCCCCGCT; AGCGGGGG; CGGGGGGT; ACCCCCCG
ZNF143	AATGCATT	AATGCATT	AATGCATT; GCATTGTG; CACAATGC; ATGCATTG; CAATGCAT; CCACAATG; CATTGTGG; TGCATTGT
ZNF232	GTAGATTA	TAATCTAC	GTAGATTA; TAATCTAC; ATCTACAT; ATGTAGAT; TTAATCTA; TAGATTAA; TCCCCCCC; GGGGGGGA
ZNF238	CCAGATGT	ACATCTGG	CCAGATGT; ACATCTGG; AACATCTG; CAGATGTT; CATCTGGA; TCCAGATG; AGATGTTG; CAACATCT
ZNF282	CCCCCCCC	GGGGGGGG	CCCCCCCC; GGGGGGGG; GTCGCCGT; ACGGCGAC; TATCATTC; GAATGATA; CGGCGACC; GGTCGCCG
ZNF306	CGAGGCTA	TAGCCTCG	CGAGGCTA; TAGCCTCG; AGCCTCGA; TCGAGGCT; GGCTAGCC; GCCTCGAA; TTCGAGGC; CCTCGAAC
ZNF410	TATTATGG	CCATAATA	TATTATGG; CCATAATA; TCCCATAA; TTATGGGA; TATGGGAT; ATCCCATA; CCCATAAT; ATTATGGG
ZNF524	GAAGACGG	CCGTCTTC	GAAGACGG; CCGTCTTC; AAGACGGC; GCCGTCTT; GTATGCCG; AGACGGCA; CGGCATAC; TGCCGTCT
ZNF713	TCGTGGCA	TGCCACGA	TCGTGGCA; TGCCACGA; TTCGTGGC; GCCACGAA; ATGCCACG; CGTGGCAT; GGCAGTCG; CGACTGCC
ZNF740	CCCCCCCC	GGGGGGGG	CCCCCCCC; GGGGGGGG; TGGGGGGG; CCCCCCCA; GGGGGGGC; GCCCCCCC; GGGGGGCG; CGCCCCCC
ZNF75A	GCTGCAGC	GCTGCAGC	GCTGCAGC; TTTCCCAC; GTGGGAAA; TTTTCCCA; TGGGAAAA; TGTGGGAA; TTCCCACA; GCTTTTCC
ZNF784	GTAGGTAC	GTACCTAC	GTAGGTAC; GTACCTAC; AGTACCTA; TAGGTACT; CCGTAGGT; ACCTACGG; GGTACTAC; GTAGTACC
ZSCAN4	AGTGTGTG	CACACACT	AGTGTGTG; CACACACT; GTGTGTGC; GCACACAC; TGTGTGCA; TGCACACA; GTGTGCAC; GTGCACAC
Zic3	ACCCCCCG	CGGGGGGT	ACCCCCCG; CGGGGGGT; AGCGGGGG; CCCCCGCT; CAGCGGGG; CCCCGCTG; GCGGGGGG; CCCCCCGC
