surface,rung,capability,n_genes,n_rows,pearson_r,pearson_r_ci_lo,pearson_r_ci_hi,cosine,cosine_ci_lo,cosine_ci_hi,topbase_acc,topbase_acc_ci_lo,topbase_acc_ci_hi,auroc,auroc_ci_lo,auroc_ci_hi,macroF1,macroF1_ci_lo,macroF1_ci_hi,covR,covR_ci_lo,covR_ci_hi,mae,mae_ci_lo,mae_ci_hi,rmse,rmse_ci_lo,rmse_ci_hi,jsd_bits,jsd_bits_ci_lo,jsd_bits_ci_hi,kl_bits,kl_bits_ci_lo,kl_bits_ci_hi,ic_mae,ic_mae_ci_lo,ic_mae_ci_hi,coverage,coverage_ci_lo,coverage_ci_hi,gate_len_mae,gate_len_mae_ci_lo,gate_len_mae_ci_hi,gate_len_bias,gate_len_bias_ci_lo,gate_len_bias_ci_hi
test,random_uniform,floor,51,291,0.0,0.0,0.0,0.6087,0.5987,0.6187,0.29,0.2536,0.3289,0.5,0.5,0.5,0.1079,0.0972,0.1189,0.0,0.0,0.0,0.2913,0.2843,0.2982,0.3486,0.3415,0.3554,0.3462,0.3329,0.3592,1.2966,1.2473,1.3453,1.2966,1.2473,1.3453,0.9227,0.884,0.9544,3.1176,2.5294,3.7255,0.8824,-0.1961,1.8044
test,random_train_pwm,+ looks like a PWM,51,291,0.4463,0.4137,0.4753,0.6447,0.6349,0.6688,0.5685,0.5385,0.5873,0.7214,0.7062,0.7502,0.4454,0.4153,0.4694,0.2901,0.2728,0.3348,0.2374,0.227,0.2444,0.3667,0.3495,0.3718,0.3379,0.3122,0.3444,3.6238,2.7329,3.4488,0.7065,0.6712,0.7786,0.7384,0.6967,0.7806,3.1176,2.5294,3.7255,0.8824,-0.1961,1.8044
test,B0_global,+ average motif,51,291,0.4836,0.4462,0.5187,0.6415,0.6292,0.6542,0.6389,0.5976,0.6781,0.777,0.7496,0.8034,0.456,0.4235,0.487,0.3226,0.2958,0.3484,0.2832,0.2741,0.2921,0.3382,0.3278,0.3479,0.3333,0.3159,0.3507,1.2275,1.164,1.2901,1.3075,1.2398,1.3752,0.7126,0.6605,0.7626,3.1176,2.5294,3.7255,0.8824,-0.1961,1.8044
test,B0_family,+ family identity,51,291,0.5836,0.5415,0.6229,0.7556,0.7302,0.7786,0.6574,0.6195,0.6936,0.8162,0.7916,0.8392,0.541,0.5034,0.5749,0.5185,0.4629,0.5699,0.2069,0.189,0.2258,0.277,0.2614,0.2929,0.225,0.2033,0.2486,0.9247,0.8493,1.0028,0.8467,0.7463,0.9622,0.8532,0.799,0.9028,3.1176,2.5294,3.7255,0.8824,-0.1961,1.8044
test,B1_nearest_pwm,+ homology lookup,51,291,0.5191,0.4709,0.566,0.6988,0.6689,0.7287,0.6193,0.5795,0.6577,0.7791,0.7489,0.8093,0.5033,0.4667,0.5404,0.3835,0.3333,0.4351,0.2046,0.1885,0.2202,0.3272,0.3054,0.3481,0.2794,0.2521,0.3073,2.861,2.3661,3.5086,0.6151,0.5621,0.6707,0.8282,0.7735,0.8772,3.1176,2.5294,3.7255,0.8824,-0.1961,1.8044
test,v24_seed42,+ learned seq to PWM,51,291,0.6295,0.5917,0.6658,0.7847,0.7627,0.8076,0.6896,0.6597,0.721,0.8376,0.8132,0.8611,0.5567,0.5263,0.5889,0.5305,0.4836,0.5751,0.1607,0.1476,0.1732,0.2642,0.2465,0.281,0.1911,0.1711,0.2104,1.0471,0.93,1.1649,0.5163,0.4732,0.5632,0.8415,0.791,0.8859,3.4771,2.8872,4.0851,0.9365,-0.246,1.981
test,v24_ens5,+ seed averaging,51,291,0.6643,0.6272,0.7,0.8069,0.7881,0.8265,0.7301,0.7015,0.7587,0.8375,0.8129,0.8607,0.5907,0.5594,0.6216,0.5602,0.508,0.61,0.1818,0.1717,0.1915,0.2526,0.2398,0.2643,0.191,0.1759,0.2058,0.7858,0.7181,0.8495,0.8049,0.756,0.8522,0.835,0.7808,0.8827,3.4771,2.8872,4.0851,0.9365,-0.246,1.981
excluded,random_uniform,floor,44,269,0.0,0.0,0.0,0.6036,0.5928,0.6146,0.2814,0.2403,0.3232,0.5,0.5,0.5,0.1025,0.089,0.1162,0.0,0.0,0.0,0.2953,0.2877,0.3029,0.3508,0.343,0.3586,0.3521,0.3372,0.3666,1.32,1.2658,1.3718,1.32,1.2658,1.3718,0.8754,0.8417,0.9069,3.1275,2.7273,3.5553,-0.6277,-1.4131,0.1804
excluded,random_train_pwm,+ looks like a PWM,44,269,0.4426,0.4016,0.4618,0.6457,0.6189,0.6601,0.5635,0.5263,0.5826,0.723,0.7008,0.7354,0.4228,0.3799,0.4444,0.2826,0.242,0.2887,0.2363,0.2269,0.2456,0.3638,0.3535,0.3821,0.3342,0.3192,0.357,3.4134,2.9199,3.5979,0.7103,0.6495,0.7336,0.6923,0.6256,0.7078,3.1275,2.7273,3.5553,-0.6277,-1.4131,0.1804
excluded,B0_global,+ average motif,44,269,0.4405,0.4089,0.4746,0.6312,0.6212,0.6418,0.5725,0.5344,0.6089,0.7576,0.7387,0.7781,0.399,0.3673,0.4319,0.323,0.2992,0.3488,0.2893,0.2816,0.2967,0.3437,0.3356,0.3514,0.3417,0.3266,0.3559,1.2638,1.2093,1.3147,1.3393,1.282,1.3936,0.7176,0.6747,0.7578,3.1275,2.7273,3.5553,-0.6277,-1.4131,0.1804
excluded,B0_family,+ family identity,44,269,0.5454,0.4915,0.5886,0.7333,0.7122,0.7548,0.634,0.59,0.6725,0.8096,0.7812,0.8327,0.4496,0.4055,0.49,0.4728,0.4232,0.5205,0.2246,0.2104,0.2384,0.2919,0.2783,0.3043,0.25,0.2316,0.2689,0.9779,0.9148,1.0441,0.9585,0.8703,1.0495,0.8031,0.7552,0.8485,3.1275,2.7273,3.5553,-0.6277,-1.4131,0.1804
excluded,B1_nearest_pwm,+ homology lookup,44,269,0.5689,0.5027,0.6292,0.729,0.6896,0.768,0.6432,0.5963,0.6844,0.8091,0.7736,0.845,0.4854,0.4411,0.5288,0.4575,0.39,0.5243,0.1908,0.1713,0.2105,0.3035,0.2742,0.3317,0.2516,0.2163,0.2865,2.2633,1.7802,2.8089,0.604,0.5515,0.6598,0.8091,0.7648,0.8513,3.1275,2.7273,3.5553,-0.6277,-1.4131,0.1804
excluded,v24_seed42,+ learned seq to PWM,44,269,0.6886,0.6352,0.7341,0.8203,0.7865,0.8484,0.749,0.7077,0.7838,0.8793,0.8488,0.9047,0.5404,0.5012,0.5793,0.5585,0.4982,0.6149,0.1408,0.1259,0.1578,0.2358,0.2142,0.2595,0.1646,0.1406,0.1932,0.9187,0.7653,1.1095,0.5133,0.4672,0.5662,0.7957,0.7433,0.8433,3.5908,3.1188,4.1271,-0.4687,-1.4685,0.4632
excluded,v24_ens5,+ seed averaging,44,269,0.7182,0.6689,0.764,0.8359,0.8064,0.8617,0.7588,0.7135,0.7985,0.8781,0.8506,0.9005,0.5573,0.5136,0.6012,0.5824,0.5189,0.6397,0.1576,0.1431,0.174,0.2275,0.2088,0.2476,0.1655,0.144,0.1899,0.7243,0.6095,0.8657,0.7047,0.6408,0.7759,0.7981,0.743,0.8464,3.5908,3.1188,4.1271,-0.4687,-1.4685,0.4632
clean_combined,random_uniform,floor,95,560,0.0,0.0,0.0,0.6063,0.5994,0.6133,0.2861,0.2574,0.3156,0.5,0.5,0.5,0.1054,0.0965,0.1144,0.0,0.0,0.0,0.2932,0.2884,0.298,0.3496,0.3448,0.3545,0.3489,0.3397,0.3584,1.3074,1.2731,1.3422,1.3074,1.2731,1.3422,0.9008,0.8744,0.9242,3.1222,2.7453,3.4724,0.1829,-0.5128,0.8363
clean_combined,random_train_pwm,+ looks like a PWM,95,560,0.4433,0.4172,0.456,0.6458,0.6281,0.653,0.5671,0.5403,0.5802,0.7207,0.7064,0.729,0.435,0.4067,0.4518,0.2874,0.273,0.3124,0.2359,0.2318,0.2437,0.3645,0.3605,0.3771,0.3344,0.3274,0.3501,3.4269,3.2364,3.7872,0.7039,0.6695,0.7328,0.7193,0.6883,0.7462,3.1222,2.7453,3.4724,0.1829,-0.5128,0.8363
clean_combined,B0_global,+ average motif,95,560,0.4636,0.4386,0.4886,0.6368,0.6286,0.6446,0.6081,0.5798,0.6374,0.768,0.7507,0.7845,0.4296,0.4058,0.4526,0.3228,0.3052,0.341,0.286,0.2804,0.2917,0.3407,0.3344,0.3468,0.3372,0.326,0.3486,1.2443,1.2042,1.2851,1.3222,1.2799,1.3657,0.7149,0.6822,0.7485,3.1222,2.7453,3.4724,0.1829,-0.5128,0.8363
clean_combined,B0_family,+ family identity,95,560,0.5659,0.5333,0.5955,0.7453,0.7292,0.7615,0.6465,0.6178,0.673,0.8132,0.795,0.8295,0.4987,0.4705,0.5258,0.4973,0.4591,0.5338,0.2151,0.2037,0.2267,0.2839,0.2734,0.2941,0.2366,0.2217,0.2516,0.9493,0.899,0.9986,0.8985,0.8296,0.9705,0.83,0.7919,0.8652,3.1222,2.7453,3.4724,0.1829,-0.5128,0.8363
clean_combined,B1_nearest_pwm,+ homology lookup,95,560,0.5422,0.5026,0.5806,0.7128,0.6872,0.7379,0.6304,0.6006,0.6595,0.793,0.7698,0.8154,0.495,0.4667,0.5221,0.4178,0.3753,0.4601,0.1982,0.1855,0.2109,0.3162,0.2981,0.3342,0.2665,0.2439,0.2894,2.5842,2.2127,2.9986,0.61,0.5738,0.6495,0.8194,0.7851,0.8524,3.1222,2.7453,3.4724,0.1829,-0.5128,0.8363
clean_combined,v24_seed42,+ learned seq to PWM,95,560,0.6568,0.627,0.686,0.8012,0.7829,0.8189,0.7171,0.6917,0.7413,0.8569,0.8383,0.8739,0.5492,0.5256,0.5732,0.5434,0.5072,0.5794,0.1515,0.1419,0.1617,0.251,0.2378,0.2644,0.1788,0.1642,0.1953,0.9876,0.8905,1.0907,0.5149,0.4816,0.55,0.8203,0.7851,0.8539,3.5298,3.1452,3.9273,0.2857,-0.4819,1.0425
clean_combined,v24_ens5,+ seed averaging,95,560,0.6893,0.6585,0.7174,0.8203,0.8035,0.8355,0.7434,0.7179,0.7667,0.8563,0.8387,0.873,0.5752,0.5484,0.6015,0.5705,0.5308,0.6082,0.1706,0.1617,0.1799,0.241,0.23,0.2524,0.1791,0.1664,0.1928,0.7573,0.6945,0.8314,0.7585,0.7173,0.8013,0.8179,0.7807,0.8528,3.5298,3.1452,3.9273,0.2857,-0.4819,1.0425
deeppbs20,random_uniform,floor,20,152,0.0,0.0,0.0,0.6058,0.5932,0.6178,0.2462,0.206,0.2889,0.5,0.5,0.5,0.0964,0.0834,0.1104,0.0,0.0,0.0,0.2923,0.2843,0.3008,0.3497,0.3408,0.3591,0.3517,0.3332,0.371,1.3112,1.2452,1.3788,1.3112,1.2452,1.3788,0.9779,0.9564,0.995,3.1,2.4,3.85,2.6,1.55,3.65
deeppbs20,random_train_pwm,+ looks like a PWM,20,152,0.4558,0.414,0.5496,0.6499,0.6383,0.7095,0.5774,0.5573,0.664,0.7243,0.6956,0.7928,0.4473,0.4209,0.4795,0.2923,0.2724,0.3263,0.2348,0.2042,0.2431,0.3642,0.3092,0.3731,0.3378,0.2782,0.3475,3.7374,2.1452,3.7862,0.7075,0.5953,0.837,0.771,0.7227,0.8539,3.1,2.4,3.85,2.6,1.55,3.65
deeppbs20,B0_global,+ average motif,20,152,0.5274,0.4711,0.5824,0.6423,0.6227,0.666,0.6954,0.628,0.7577,0.7919,0.7501,0.8365,0.491,0.4392,0.5425,0.332,0.2948,0.3655,0.2841,0.2674,0.2983,0.3379,0.3181,0.3546,0.3403,0.3081,0.3701,1.2418,1.1232,1.3478,1.3295,1.2016,1.4435,0.7219,0.6558,0.797,3.1,2.4,3.85,2.6,1.55,3.65
deeppbs20,B0_family,+ family identity,20,152,0.6442,0.5847,0.6906,0.803,0.7785,0.8257,0.7106,0.6596,0.751,0.8448,0.8029,0.8777,0.6167,0.5746,0.6525,0.6234,0.5566,0.6788,0.1703,0.1491,0.191,0.2513,0.2323,0.2695,0.1828,0.1579,0.2098,0.8021,0.7148,0.8869,0.6313,0.5082,0.7643,0.9546,0.9127,0.9875,3.1,2.4,3.85,2.6,1.55,3.65
deeppbs20,B1_nearest_pwm,+ homology lookup,20,152,0.5658,0.4938,0.6399,0.7277,0.6787,0.7769,0.6463,0.5879,0.7067,0.8197,0.7734,0.865,0.5177,0.4639,0.5677,0.3869,0.3027,0.475,0.191,0.1647,0.2172,0.3092,0.2691,0.3479,0.2563,0.2102,0.3028,2.5678,1.6642,3.5672,0.6019,0.5186,0.6875,0.8382,0.7335,0.9303,3.1,2.4,3.85,2.6,1.55,3.65
deeppbs20,deeppbs,+ co-crystal structure input,20,152,0.6939,0.6335,0.7464,0.8364,0.8025,0.8655,0.7243,0.6699,0.7768,0.8852,0.8474,0.916,0.6784,0.6088,0.7434,0.6939,0.6335,0.7464,0.153,0.1347,0.173,0.2215,0.2001,0.2447,0.151,0.1288,0.1767,0.5804,0.4821,0.6975,0.6667,0.5948,0.7449,1.0,1.0,1.0,5.1,3.4,7.05,5.1,3.4,7.05
deeppbs20,v24_seed42,+ learned seq to PWM,20,152,0.6854,0.647,0.7208,0.8191,0.7921,0.8454,0.7334,0.6954,0.7694,0.8666,0.8405,0.8907,0.6157,0.5706,0.6609,0.6312,0.5827,0.6706,0.1396,0.1232,0.1573,0.2409,0.2164,0.2644,0.1614,0.1385,0.1858,0.9198,0.7873,1.0652,0.4493,0.3906,0.5255,0.9197,0.8795,0.9568,2.9676,2.2835,3.6274,2.6215,1.6917,3.4697
deeppbs20,v24_ens5,+ seed averaging,20,152,0.7071,0.664,0.7454,0.8275,0.8036,0.851,0.7605,0.7235,0.7911,0.8576,0.8288,0.8852,0.6482,0.6101,0.6846,0.655,0.5995,0.7038,0.1705,0.1568,0.1836,0.2422,0.2244,0.2589,0.1778,0.1598,0.1958,0.7398,0.6562,0.8222,0.7689,0.69,0.8429,0.922,0.8813,0.9585,2.9676,2.2835,3.6274,2.6215,1.6917,3.4697
