resnum,aa,idx,importance,rank,top20,crystal_contact,nearest_base,d_base,nearest_bb_dist,interaction
421,R,42,11.828,1,True,True,X/DG11@N7,2.92,5.16,H-bond/polar
414,I,35,5.873,2,True,False,X/DA8@C8,20.2,14.6,-
419,F,40,5.633,3,True,False,X/DA9@C8,9.05,5.07,-
423,D,44,5.528,4,True,True,Y/DC5@N4,3.23,5.97,H-bond/polar
405,T,26,5.411,5,True,False,X/DG10@C8,14.88,9.5,-
432,H,53,5.402,6,True,False,X/DA8@C8,16.37,10.64,-
396,K,17,4.832,7,True,True,Y/DG3@O6,2.83,6.31,H-bond/polar
399,R,20,4.807,8,True,True,X/DG12@O6,3.32,4.76,H-bond/polar
404,H,25,4.328,9,True,False,X/DG10@N9,11.97,6.54,-
424,K,45,4.169,10,True,True,X/DG10@O6,3.8,5.12,vdW/hydrophobic
433,T,54,4.121,11,True,False,Y/DC5@C6,17.6,13.11,-
428,H,49,4.109,12,True,False,X/DA8@C8,11.08,6.46,-
410,Y,31,4.013,13,True,False,Y/DG3@C8,8.45,4.66,-
393,G,14,3.835,14,True,False,X/DT13@C7,4.94,6.68,-
425,L,46,3.818,15,True,False,Y/DA4@C8,10.57,8.59,-
430,R,51,3.751,16,True,False,Y/DC5@C6,6.93,4.1,-
400,H,21,3.399,17,True,False,X/DG11@C8,7.9,3.29,-
406,G,27,3.301,18,True,False,X/DG10@C8,12.67,7.46,-
385,P,6,3.242,19,True,False,X/DG11@C8,15.23,11.15,-
401,I,22,3.205,20,True,False,X/DG11@C8,11.67,7.65,-
427,V,48,3.181,21,False,False,X/DA8@C8,7.98,5.76,-
434,G,55,3.049,22,False,False,X/DC7@C6,17.47,12.7,-
397,L,18,2.971,23,False,False,X/DT13@C7,10.04,8.12,-
422,Q,43,2.871,24,False,False,Y/DA4@C8,5.11,3.26,-
407,E,28,2.816,25,False,False,X/DG10@C8,14.48,9.97,-
418,R,39,2.797,26,False,False,X/DA9@C8,13.73,9.17,-
386,I,7,2.761,27,False,False,X/DG11@C8,16.17,10.65,-
402,R,23,2.716,28,False,False,Y/DG2@C8,9.65,7.06,-
379,K,0,2.554,29,False,False,X/DC14@C5,7.63,6.47,-
411,E,32,2.535,30,False,False,Y/DG3@C8,16.38,12.47,-
426,K,47,2.503,31,False,False,Y/DA4@C8,6.47,3.47,salt-bridge (backbone P)
403,T,24,2.5,32,False,False,X/DG10@C8,7.23,3.28,-
391,I,12,2.462,33,False,False,X/DT13@C7,7.06,3.8,-
413,N,34,2.416,34,False,False,Y/DA4@C8,18.82,14.27,-
389,K,10,2.406,35,False,False,X/DG11@N9,9.38,3.28,salt-bridge (backbone P)
398,P,19,2.243,36,False,False,Y/DG2@C8,8.75,5.32,-
382,Q,3,2.22,37,False,False,Y/DG1@C8,8.28,7.16,-
429,M,50,2.108,38,False,False,Y/DA4@C8,13.07,9.34,-
417,V,38,1.964,39,False,False,X/DA8@C8,13.97,8.8,-
408,K,29,1.664,40,False,False,X/DA9@C8,10.03,5.48,-
412,C,33,1.651,41,False,False,X/DA8@C8,16.49,11.74,-
409,P,30,1.641,42,False,False,Y/DG3@C8,13.26,9.38,-
395,G,16,1.614,43,False,False,Y/DG1@C8,4.96,3.81,-
415,C,36,1.613,44,False,False,X/DA8@C8,15.72,9.95,-
392,Q,13,1.59,45,False,False,X/DT13@C7,4.52,2.73,-
383,K,4,1.522,46,False,False,X/DT13@C7,13.49,9.82,-
431,K,52,1.489,47,False,False,X/DA8@C8,8.65,2.9,salt-bridge (backbone P)
384,C,5,1.361,48,False,False,X/DG11@C8,12.88,7.89,-
420,T,41,1.298,49,False,False,X/DG10@C8,7.97,5.19,-
416,K,37,1.179,50,False,False,X/DA9@C8,18.7,13.56,-
381,F,2,1.115,51,False,False,X/DT13@C7,9.08,7.81,-
388,E,9,1.004,52,False,False,X/DG11@C8,15.54,9.95,-
390,V,11,0.997,53,False,False,X/DT13@C7,10.71,6.03,-
387,C,8,0.83,54,False,False,X/DG11@C8,12.2,6.14,-
380,A,1,0.0,55,False,False,Y/DG1@N7,8.7,9.2,-
394,A,15,0.0,56,False,True,Y/DG1@N7,3.45,4.45,H-bond/polar
