gene,family,oligomer,consensus,iptm,ptm,rank,frac_dis
SLC2A4RG,C2H2_short,monomer,GCCGGCCGG,0.47,0.58,0.55,0.13
DLX2,Homeodomain,monomer,TAATTA,0.73,0.84,0.84,0.18
CREB3L2,bZIP,homodimer (2 copies),ACGTGG,0.83,0.84,1.08,0.5
MLX,bHLH,homodimer (2 copies),CACGTG,0.85,0.85,0.97,0.25
SNAI1,C2H2_medium,monomer,ACAGGTGCA,0.86,0.76,0.84,0.0
CREB3L1,bZIP,homodimer (2 copies),ACGTGG,0.86,0.86,1.1,0.48
LHX5,Homeodomain,monomer,TAATTA,0.88,0.88,0.99,0.22
MYOG,bHLH,homodimer (2 copies),CAGCTG,0.93,0.93,1.06,0.28
FOXG1,Forkhead,monomer,GTAAACAA,0.93,0.93,0.93,0.0
ELK1,ETS,monomer,ACTTCCGGT,0.94,0.93,0.93,0.0
